3570.53622218	0.00229295918877
3571.65002001	0.0
3572.76381783	0.00316610467896
3573.87761566	0.0213893494154
3574.99141348	0.0544783104238
3576.10521131	0.0972433139394
3577.21900913	0.135808043805
3578.33280696	0.17639461931
3579.44660478	0.234047116217
3580.56040261	0.305744712058
3581.67420043	0.374539857564
3582.78799826	0.433128957144
3583.90179608	0.473169849615
3585.01559391	0.503696292382
3586.12939173	0.53468009739
3587.24318956	0.546033813118
3588.35698738	0.535787660503
3589.47078521	0.511436917295
3590.58458303	0.4756163247
3591.69838086	0.444793003395
3592.81217868	0.427324558922
3593.92597651	0.408174605722
3595.03977434	0.393819883419
3596.15357216	0.392719405537
3597.26736999	0.395065482651
3598.38116781	0.411887435252
3599.49496564	0.434040105647
3600.60876346	0.438966132823
3601.72256129	0.439767094296
3602.83635911	0.446147074269
3603.95015694	0.453703949468
3605.06395476	0.463588802045
3606.17775259	0.473052173309
3607.29155041	0.476074606408
3608.40534824	0.490641989518
3609.51914606	0.514913506171
3610.63294389	0.532774640796
3611.74674171	0.542063143525
3612.86053954	0.551811678841
3613.97433736	0.568467983649
3615.08813519	0.589289596988
3616.20193301	0.603558738183
3617.31573084	0.609867209371
3618.42952866	0.613689535058
3619.54332649	0.6256574163
3620.65712432	0.637027480942
3621.77092214	0.628981807865
3622.88471997	0.611616883885
3623.99851779	0.604673347348
3625.11231562	0.602965877675
3626.22611344	0.611538111021
3627.33991127	0.605075147231
3628.45370909	0.58489268608
3629.56750692	0.565359191537
3630.68130474	0.554132132616
3631.79510257	0.534358681321
3632.90890039	0.497025287929
3634.02269822	0.451725426268
3635.13649604	0.414814506434
3636.25029387	0.403356159875
3637.36409169	0.404200546984
3638.47788952	0.401257319713
3639.59168734	0.408821724769
3640.70548517	0.433451529773
3641.81928299	0.462921042527
3642.93308082	0.495207599785
3644.04687865	0.496534614751
3645.16067647	0.487973463177
3646.2744743	0.487834629651
3647.38827212	0.478735496838
3648.50206995	0.446737568048
3649.61586777	0.407644627709
3650.7296656	0.372351830259
3651.84346342	0.360869510885
3652.95726125	0.362994650549
3654.07105907	0.358105060957
3655.1848569	0.347879791678
3656.29865472	0.362325909267
3657.41245255	0.397214025078
3658.52625037	0.426064876436
3659.6400482	0.446209339035
3660.75384602	0.450339321677
3661.86764385	0.45854226743
3662.98144167	0.476809593939
3664.0952395	0.488597785354
3665.20903732	0.491499766751
3666.32283515	0.494446157211
3667.43663298	0.502332167838
3668.5504308	0.517398195357
3669.66422863	0.522771154475
3670.77802645	0.520792393833
3671.89182428	0.51982055436
3673.0056221	0.509482614876
3674.11941993	0.493626205557
3675.23321775	0.478416713669
3676.34701558	0.45743138034
3677.4608134	0.438607693639
3678.57461123	0.42775603349
3679.68840905	0.420198267422
3680.80220688	0.420833489725
3681.9160047	0.439622168993
3683.02980253	0.456069543596
3684.14360035	0.464203052536
3685.25739818	0.47939938702
3686.371196	0.49586901131
3687.48499383	0.50868580474
3688.59879165	0.517182590132
3689.71258948	0.513408681314
3690.8263873	0.508109974994
3691.94018513	0.520078765295
3693.05398296	0.532420694174
3694.16778078	0.538899325086
3695.28157861	0.543544534325
3696.39537643	0.551864386569
3697.50917426	0.560989265363
3698.62297208	0.569703197884
3699.73676991	0.572301585756
3700.85056773	0.571796268091
3701.96436556	0.572570931417
3703.07816338	0.567152938015
3704.19196121	0.566025376326
3705.30575903	0.563699342186
3706.41955686	0.563734008702
3707.53335468	0.557436916957
3708.64715251	0.539814291763
3709.76095033	0.518926198595
3710.87474816	0.509666701601
3711.98854598	0.502981872019
3713.10234381	0.494477328031
3714.21614163	0.478956974502
3715.32993946	0.460387838871
3716.44373729	0.453378617492
3717.55753511	0.453024083502
3718.67133294	0.446528081012
3719.78513076	0.421169524993
3720.89892859	0.394324616501
3722.01272641	0.369388819147
3723.12652424	0.355784861474
3724.24032206	0.34445872598
3725.35411989	0.345619290367
3726.46791771	0.354282697925
3727.58171554	0.369894191355
3728.69551336	0.384137873891
3729.80931119	0.406869484805
3730.92310901	0.432161286952
3732.03690684	0.462121405295
3733.15070466	0.484505311118
3734.26450249	0.494859967194
3735.37830031	0.513541674381
3736.49209814	0.533226948953
3737.60589596	0.571480960445
3738.71969379	0.606440170559
3739.83349161	0.634647691193
3740.94728944	0.651130932248
3742.06108727	0.671334138876
3743.17488509	0.67896453207
3744.28868292	0.689966458667
3745.40248074	0.684146626376
3746.51627857	0.656544671333
3747.63007639	0.616311937155
3748.74387422	0.573885523359
3749.85767204	0.538678673035
3750.97146987	0.494795299813
3752.08526769	0.449116442485
3753.19906552	0.386560170917
3754.31286334	0.351893639641
3755.42666117	0.341553562387
3756.54045899	0.343752523285
3757.65425682	0.342768906169
3758.76805464	0.354731151045
3759.88185247	0.38949622104
3760.99565029	0.443996734304
3762.10944812	0.499294508655
3763.22324594	0.538340558403
3764.33704377	0.573918778805
3765.4508416	0.614241525229
3766.56463942	0.654981266514
3767.67843725	0.664955163143
3768.79223507	0.660648358219
3769.9060329	0.646669596284
3771.01983072	0.629607425671
3772.13362855	0.614842267895
3773.24742637	0.597973502422
3774.3612242	0.575938110628
3775.47502202	0.562793685558
3776.58881985	0.557423682388
3777.70261767	0.55515132296
3778.8164155	0.564707588836
3779.93021332	0.568643192912
3781.04401115	0.557888988676
3782.15780897	0.548485725257
3783.2716068	0.538874636607
3784.38540462	0.518916392351
3785.49920245	0.501758591624
3786.61300027	0.474659375553
3787.7267981	0.432254678023
3788.84059593	0.403994482005
3789.95439375	0.388873276058
3791.06819158	0.367632653037
3792.1819894	0.351771123836
3793.29578723	0.335252325995
3794.40958505	0.318915858387
3795.52338288	0.317954273573
3796.6371807	0.319149422296
3797.75097853	0.307094216923
3798.86477635	0.300781996812
3799.97857418	0.30461906966
3801.092372	0.305338422792
3802.20616983	0.314951903067
3803.31996765	0.333702878654
3804.43376548	0.354477289025
3805.5475633	0.375582507386
3806.66136113	0.401571040824
3807.77515895	0.419571043257
3808.88895678	0.438383926033
3810.0027546	0.4604610343
3811.11655243	0.472304590087
3812.23035025	0.465620726396
3813.34414808	0.449301134142
3814.45794591	0.433804168625
3815.57174373	0.418528680072
3816.68554156	0.402550132685
3817.79933938	0.37971307279
3818.91313721	0.351680528523
3820.02693503	0.33620756831
3821.14073286	0.348152087092
3822.25453068	0.371396988637
3823.36832851	0.394678949576
3824.48212633	0.418809588497
3825.59592416	0.44758084686
3826.70972198	0.483461009038
3827.82351981	0.52782005031
3828.93731763	0.555959858353
3830.05111546	0.567896264442
3831.16491328	0.572686938994
3832.27871111	0.575983923764
3833.39250893	0.583673983995
3834.50630676	0.59034995451
3835.62010458	0.590870051213
3836.73390241	0.595376604418
3837.84770024	0.609619149212
3838.96149806	0.62725209623
3840.07529589	0.644440958749
3841.18909371	0.660021861453
3842.30289154	0.687392624971
3843.41668936	0.72533968277
3844.53048719	0.759040008971
3845.64428501	0.782011464636
3846.75808284	0.799336758139
3847.87188066	0.819181006767
3848.98567849	0.833273573909
3850.09947631	0.829562266839
3851.21327414	0.794022099445
3852.32707196	0.742816446417
3853.44086979	0.697591174638
3854.55466761	0.662278744645
3855.66846544	0.633971655441
3856.78226326	0.605487608938
3857.89606109	0.589401431831
3859.00985891	0.599487854101
3860.12365674	0.629370213194
3861.23745457	0.66168551172
3862.35125239	0.682543418034
3863.46505022	0.685158997675
3864.57884804	0.679962504355
3865.69264587	0.661090174376
3866.80644369	0.627303382145
3867.92024152	0.587998568742
3869.03403934	0.540828788208
3870.14783717	0.496259887454
3871.26163499	0.459131476513
3872.37543282	0.431063280979
3873.48923064	0.413745296623
3874.60302847	0.40971675648
3875.71682629	0.418026746917
3876.83062412	0.430292224505
3877.94442194	0.451947569004
3879.05821977	0.479662156646
3880.17201759	0.515572397438
3881.28581542	0.560107999077
3882.39961324	0.598699318479
3883.51341107	0.622162071042
3884.62720889	0.636368279235
3885.74100672	0.649393875609
3886.85480455	0.657791184886
3887.96860237	0.651767073814
3889.0824002	0.629337793767
3890.19619802	0.598486857858
3891.30999585	0.571481518529
3892.42379367	0.554156847129
3893.5375915	0.537931268369
3894.65138932	0.515671269743
3895.76518715	0.503191205309
3896.87898497	0.506274552302
3897.9927828	0.508624735553
3899.10658062	0.51759835535
3900.22037845	0.537106130076
3901.33417627	0.564237827841
3902.4479741	0.599975236273
3903.56177192	0.627170269963
3904.67556975	0.633972509243
3905.78936757	0.641580376448
3906.9031654	0.652820214818
3908.01696322	0.648305134149
3909.13076105	0.619826512266
3910.24455888	0.585378776297
3911.3583567	0.555261429923
3912.47215453	0.528922193117
3913.58595235	0.503564733357
3914.69975018	0.464483379336
3915.813548	0.425715413482
3916.92734583	0.398320494411
3918.04114365	0.374650361505
3919.15494148	0.337810672464
3920.2687393	0.30172002118
3921.38253713	0.286033152049
3922.49633495	0.288732066132
3923.61013278	0.307896433752
3924.7239306	0.333285902887
3925.83772843	0.355244460916
3926.95152625	0.393543327291
3928.06532408	0.441040456676
3929.1791219	0.470614488552
3930.29291973	0.489212572488
3931.40671755	0.48734331965
3932.52051538	0.477488969176
3933.6343132	0.478227030414
3934.74811103	0.480819783247
3935.86190886	0.482333106942
3936.97570668	0.492643148727
3938.08950451	0.514153729046
3939.20330233	0.547513492437
3940.31710016	0.60018068842
3941.43089798	0.648352456392
3942.54469581	0.680158016976
3943.65849363	0.702278726767
3944.77229146	0.711590306165
3945.88608928	0.705554372935
3946.99988711	0.687024094993
3948.11368493	0.646949192435
3949.22748276	0.593168800573
3950.34128058	0.540948990049
3951.45507841	0.500298750034
3952.56887623	0.480963596578
3953.68267406	0.474766379352
3954.79647188	0.477842425798
3955.91026971	0.482713849889
3957.02406753	0.491596141581
3958.13786536	0.50871971074
3959.25166319	0.521663557225
3960.36546101	0.515385621243
3961.47925884	0.492301514875
3962.59305666	0.46441661838
3963.70685449	0.444289357637
3964.82065231	0.43487991911
3965.93445014	0.433901876135
3967.04824796	0.436281457535
3968.16204579	0.44398750591
3969.27584361	0.461673410036
3970.38964144	0.482170509622
3971.50343926	0.497155208265
3972.61723709	0.506682634369
3973.73103491	0.515821445483
3974.84483274	0.513612807543
3975.95863056	0.503544334263
3977.07242839	0.489864519299
3978.18622621	0.475739765072
3979.30002404	0.479166663795
3980.41382186	0.488161671635
3981.52761969	0.492028822805
3982.64141752	0.499527162995
3983.75521534	0.525453537022
3984.86901317	0.563963291008
3985.98281099	0.595361855551
3987.09660882	0.601153931558
3988.21040664	0.58567347548
3989.32420447	0.568971505701
3990.43800229	0.554078931681
3991.55180012	0.527807945291
3992.66559794	0.475454283934
3993.77939577	0.428513419354
3994.89319359	0.402016032938
3996.00699142	0.398415896878
3997.12078924	0.392798366431
3998.23458707	0.38534254722
3999.34838489	0.385030743024
4000.46218272	0.402661729604
4001.57598054	0.445191587339
4002.68977837	0.479748100361
4003.80357619	0.514293620714
4004.91737402	0.549990697827
4006.03117184	0.600696643159
4007.14496967	0.644717444418
4008.2587675	0.679703697438
4009.37256532	0.684573825026
4010.48636315	0.683951408481
4011.60016097	0.673316535085
4012.7139588	0.661740206808
4013.82775662	0.651461195593
4014.94155445	0.636272613235
4016.05535227	0.636626965463
4017.1691501	0.646759678699
4018.28294792	0.65753125285
4019.39674575	0.660250974707
4020.51054357	0.671627474186
4021.6243414	0.677803941126
4022.73813922	0.680989942771
4023.85193705	0.66671940565
4024.96573487	0.641953024778
4026.0795327	0.616184772405
4027.19333052	0.609889943199
4028.30712835	0.604739567477
4029.42092617	0.578160271683
4030.534724	0.534989073047
4031.64852183	0.493233218609
4032.76231965	0.46869738684
4033.87611748	0.466737304161
4034.9899153	0.465854838682
4036.10371313	0.454916987507
4037.21751095	0.451689458002
4038.33130878	0.475005684413
4039.4451066	0.515777255236
4040.55890443	0.549115447859
4041.67270225	0.55357731226
4042.78650008	0.52052510761
4043.9002979	0.47640318722
4045.01409573	0.435070522924
4046.12789355	0.3858162711
4047.24169138	0.318065588651
4048.3554892	0.262946036094
4049.46928703	0.226528138398
4050.58308485	0.230033045446
4051.69688268	0.248770963213
4052.8106805	0.26933262427
4053.92447833	0.295646022611
4055.03827616	0.339439537276
4056.15207398	0.386424984546
4057.26587181	0.40374194392
4058.37966963	0.397660404591
4059.49346746	0.376741929192
4060.60726528	0.368328480006
4061.72106311	0.366493048131
4062.83486093	0.370077055565
4063.94865876	0.354003917184
4065.06245658	0.358593756817
4066.17625441	0.386541565221
4067.29005223	0.435896927256
4068.40385006	0.49384733968
4069.51764788	0.549157513105
4070.63144571	0.590649632464
4071.74524353	0.622598552862
4072.85904136	0.664272018227
4073.97283918	0.687385068266
4075.08663701	0.698681209511
4076.20043483	0.687702954983
4077.31423266	0.667737991645
4078.42803048	0.641526360192
4079.54182831	0.623544345783
4080.65562614	0.591307062695
4081.76942396	0.563340108351
4082.88322179	0.541203874194
4083.99701961	0.521151260033
4085.11081744	0.506842594518
4086.22461526	0.494503063706
4087.33841309	0.490446117075
4088.45221091	0.498260730539
4089.56600874	0.519128209065
4090.67980656	0.530322498766
4091.79360439	0.535595259895
4092.90740221	0.537569925595
4094.02120004	0.533949311351
4095.13499786	0.517553073975
4096.24879569	0.489827014551
4097.36259351	0.445882798129
4098.47639134	0.404320533945
4099.59018916	0.368088316478
4100.70398699	0.339380756865
4101.81778481	0.322719629613
4102.93158264	0.323668722562
4104.04538047	0.332567006712
4105.15917829	0.343064179937
4106.27297612	0.358755764918
4107.38677394	0.37840425806
4108.50057177	0.398325853323
4109.61436959	0.408790602953
4110.72816742	0.402240920795
4111.84196524	0.393469466586
4112.95576307	0.39163527256
4114.06956089	0.394776027433
4115.18335872	0.400148552829
4116.29715654	0.397431274895
4117.41095437	0.387017400021
4118.52475219	0.393547155726
4119.63855002	0.417676342356
4120.75234784	0.441398411645
4121.86614567	0.468913119183
4122.97994349	0.476267802266
4124.09374132	0.488629579151
4125.20753914	0.508022990119
4126.32133697	0.530148958597
4127.43513479	0.545141759087
4128.54893262	0.546803938407
4129.66273045	0.536183215008
4130.77652827	0.5261580422
4131.8903261	0.528642494906
4133.00412392	0.531124479026
4134.11792175	0.527748160334
4135.23171957	0.50714940665
4136.3455174	0.493522690996
4137.45931522	0.480339477969
4138.57311305	0.492625219152
4139.68691087	0.481370184404
4140.8007087	0.479314943348
4141.91450652	0.45896138633
4143.02830435	0.440841369182
4144.14210217	0.433469458182
4145.2559	0.409293209547
4146.36969782	0.369565318528
4147.48349565	0.31823383308
4148.59729347	0.279124120555
4149.7110913	0.256141692569
4150.82488912	0.251177402492
4151.93868695	0.246028603365
4153.05248478	0.252787346505
4154.1662826	0.273646685577
4155.28008043	0.324865199185
4156.39387825	0.379291928384
4157.50767608	0.4277165466
4158.6214739	0.446152634183
4159.73527173	0.451673806854
4160.84906955	0.464707004331
4161.96286738	0.478747377212
4163.0766652	0.479992258519
4164.19046303	0.452737468149
4165.30426085	0.417167510951
4166.41805868	0.398711665471
4167.5318565	0.389024270676
4168.64565433	0.38039643072
4169.75945215	0.357803474819
4170.87324998	0.328437069328
4171.9870478	0.310168121023
4173.10084563	0.30699298442
4174.21464345	0.310835616542
4175.32844128	0.323221562826
4176.44223911	0.346046852687
4177.55603693	0.380171575163
4178.66983476	0.439819467972
4179.78363258	0.504139771628
4180.89743041	0.553610303268
4182.01122823	0.604443917212
4183.12502606	0.646615727042
4184.23882388	0.662158922129
4185.35262171	0.657506138403
4186.46641953	0.636843232511
4187.58021736	0.600959042614
4188.69401518	0.577446337312
4189.80781301	0.554375649928
4190.92161083	0.533834814835
4192.03540866	0.522937142311
4193.14920648	0.519359609347
4194.26300431	0.513821164097
4195.37680213	0.512338426522
4196.49059996	0.503019001815
4197.60439778	0.493114350323
4198.71819561	0.492453572576
4199.83199343	0.483989649036
4200.94579126	0.47939099619
4202.05958909	0.4835575591
4203.17338691	0.505827843868
4204.28718474	0.531242579799
4205.40098256	0.540437954466
4206.51478039	0.539680190107
4207.62857821	0.546711069796
4208.74237604	0.563657352851
4209.85617386	0.581056219009
4210.96997169	0.586276093578
4212.08376951	0.581467142427
4213.19756734	0.595786381173
4214.31136516	0.61462004986
4215.42516299	0.623274960825
4216.53896081	0.620143455685
4217.65275864	0.606970061262
4218.76655646	0.584030356773
4219.88035429	0.574396645903
4220.99415211	0.563801339607
4222.10794994	0.536225564136
4223.22174776	0.529683168853
4224.33554559	0.524959212783
4225.44934342	0.525816172305
4226.56314124	0.550333738464
4227.67693907	0.584201903765
4228.79073689	0.608825145328
4229.90453472	0.639718322213
4231.01833254	0.668186962182
4232.13213037	0.695070069559
4233.24592819	0.722660745515
4234.35972602	0.730834570776
4235.47352384	0.708300577048
4236.58732167	0.678396625382
4237.70111949	0.659148409926
4238.81491732	0.63579764244
4239.92871514	0.613781448301
4241.04251297	0.592862725052
4242.15631079	0.581962543363
4243.27010862	0.604346375256
4244.38390644	0.642747062361
4245.49770427	0.663917260321
4246.61150209	0.667818448295
4247.72529992	0.674530090542
4248.83909775	0.676390980915
4249.95289557	0.663194108867
4251.0666934	0.620583623388
4252.18049122	0.556688651084
4253.29428905	0.504975257136
4254.40808687	0.476888698479
4255.5218847	0.457440781911
4256.63568252	0.438693706007
4257.74948035	0.431403703947
4258.86327817	0.447066974385
4259.977076	0.487558665088
4261.09087382	0.520948135143
4262.20467165	0.545045324496
4263.31846947	0.555639643766
4264.4322673	0.564654291554
4265.54606512	0.566549305372
4266.65986295	0.551554030524
4267.77366077	0.5164370431
4268.8874586	0.493287198891
4270.00125642	0.467145205748
4271.11505425	0.436968084562
4272.22885207	0.411216480915
4273.3426499	0.402610714102
4274.45644773	0.413761393445
4275.57024555	0.43995535428
4276.68404338	0.462071102442
4277.7978412	0.484925403372
4278.91163903	0.523731336906
4280.02543685	0.562034665888
4281.13923468	0.590990385666
4282.2530325	0.599507762247
4283.36683033	0.597223798689
4284.48062815	0.590593724189
4285.59442598	0.593109194376
4286.7082238	0.579169277828
4287.82202163	0.569305971414
4288.93581945	0.567752880898
4290.04961728	0.582966797859
4291.1634151	0.603737509928
4292.27721293	0.623581616295
4293.39101075	0.638888380644
4294.50480858	0.656911993926
4295.6186064	0.666726603029
4296.73240423	0.655824830985
4297.84620206	0.627736527935
4298.95999988	0.592931763474
4300.07379771	0.564641923439
4301.18759553	0.547744852635
4302.30139336	0.542840113366
4303.41519118	0.543213676659
4304.52898901	0.549320378886
4305.64278683	0.563145522178
4306.75658466	0.586175650305
4307.87038248	0.605652158796
4308.98418031	0.611595009558
4310.09797813	0.601116627988
4311.21177596	0.578603107546
4312.32557378	0.554115313788
4313.43937161	0.539816601733
4314.55316943	0.535523421547
4315.66696726	0.522788015078
4316.78076508	0.507631034755
4317.89456291	0.507345347746
4319.00836073	0.517488870576
4320.12215856	0.538644229502
4321.23595639	0.555519285875
4322.34975421	0.547755392749
4323.46355204	0.534841344582
4324.57734986	0.528670674738
4325.69114769	0.515205213229
4326.80494551	0.493019887336
4327.91874334	0.474742715796
4329.03254116	0.453690457108
4330.14633899	0.442800114429
4331.26013681	0.457166745588
4332.37393464	0.470832723063
4333.48773246	0.492457998772
4334.60153029	0.537461243286
4335.71532811	0.583693319626
4336.82912594	0.624538708913
4337.94292376	0.672917145979
4339.05672159	0.715521246076
4340.17051941	0.748177798548
4341.28431724	0.786099865269
4342.39811506	0.792473377755
4343.51191289	0.78195672343
4344.62571071	0.761689340456
4345.73950854	0.730198703821
4346.85330637	0.686780004409
4347.96710419	0.640264027372
4349.08090202	0.594113273203
4350.19469984	0.557665775802
4351.30849767	0.535896177681
4352.42229549	0.537555390733
4353.53609332	0.558190702806
4354.64989114	0.582215275396
4355.76368897	0.603439001433
4356.87748679	0.626447464018
4357.99128462	0.63797539519
4359.10508244	0.636057161276
4360.21888027	0.630698936769
4361.33267809	0.596954855558
4362.44647592	0.556686445915
4363.56027374	0.53108227455
4364.67407157	0.497571179661
4365.78786939	0.477159075011
4366.90166722	0.473333885073
4368.01546504	0.46373668898
4369.12926287	0.458826094371
4370.2430607	0.452466166511
4371.35685852	0.442415411716
4372.47065635	0.429405693847
4373.58445417	0.42361945222
4374.698252	0.404122684243
4375.81204982	0.384481691747
4376.92584765	0.374607745869
4378.03964547	0.382002836621
4379.1534433	0.398280472073
4380.26724112	0.4045206038
4381.38103895	0.40172122289
4382.49483677	0.404894410687
4383.6086346	0.403733286087
4384.72243242	0.392563607439
4385.83623025	0.368554445143
4386.95002807	0.328722159539
4388.0638259	0.300892727919
4389.17762372	0.288974415762
4390.29142155	0.285306694125
4391.40521937	0.303354165699
4392.5190172	0.340300494985
4393.63281502	0.398703264409
4394.74661285	0.478376987982
4395.86041068	0.568907512604
4396.9742085	0.656327495066
4398.08800633	0.730198934996
4399.20180415	0.777853508252
4400.31560198	0.815134043857
4401.4293998	0.838983000603
4402.54319763	0.837163493612
4403.65699545	0.818667119834
4404.77079328	0.784464660874
4405.8845911	0.74236099042
4406.99838893	0.714769581876
4408.11218675	0.687014903622
4409.22598458	0.64446707923
4410.3397824	0.620201517355
4411.45358023	0.612272307413
4412.56737805	0.599410848282
4413.68117588	0.594249753628
4414.7949737	0.58822411517
4415.90877153	0.564911019209
4417.02256935	0.559153990734
4418.13636718	0.546768093599
4419.25016501	0.518748716152
4420.36396283	0.493299598199
4421.47776066	0.48624807177
4422.59155848	0.484318455367
4423.70535631	0.49704545506
4424.81915413	0.512398688871
4425.93295196	0.530150644395
4427.04674978	0.546321527747
4428.16054761	0.566702023656
4429.27434543	0.578314690166
4430.38814326	0.580316120371
4431.50194108	0.57966399072
4432.61573891	0.573508055952
4433.72953673	0.582533429262
4434.84333456	0.599966122388
4435.95713238	0.6226022523
4437.07093021	0.625541984196
4438.18472803	0.630626520979
4439.29852586	0.637341524385
4440.41232368	0.640476778522
4441.52612151	0.627561857079
4442.63991934	0.594410171696
4443.75371716	0.54622335331
4444.86751499	0.505835797623
4445.98131281	0.470683534903
4447.09511064	0.43451152804
4448.20890846	0.393724429208
4449.32270629	0.342634414401
4450.43650411	0.293026706596
4451.55030194	0.25717405565
4452.66409976	0.229299363848
4453.77789759	0.195239375744
4454.89169541	0.165459284049
4456.00549324	0.135859338991
4457.11929106	0.112345087179
4458.23308889	0.112013365771
4459.34688671	0.124730119551
4460.46068454	0.127519675619
4461.57448236	0.134859859697
4462.68828019	0.149329719596
4463.80207801	0.168089812829
4464.91587584	0.193752429738
4466.02967366	0.229109638119
4467.14347149	0.258367257986
4468.25726932	0.303727141289
4469.37106714	0.367366006932
4470.48486497	0.419061719592
4471.59866279	0.468754214858
4472.71246062	0.518010690858
4473.82625844	0.55839631144
4474.94005627	0.582032985566
4476.05385409	0.6037328181
4477.16765192	0.601642457128
4478.28144974	0.590137622098
4479.39524757	0.581065118044
4480.50904539	0.565838497196
4481.62284322	0.554333953395
4482.73664104	0.564145335145
4483.85043887	0.571525387581
4484.96423669	0.581925268245
4486.07803452	0.597036540496
4487.19183234	0.621273256126
4488.30563017	0.653167123917
4489.41942799	0.677061226802
4490.53322582	0.685294841159
4491.64702365	0.681418326913
4492.76082147	0.669888949106
4493.8746193	0.656189136032
4494.98841712	0.646927030961
4496.10221495	0.628113266223
4497.21601277	0.603007264468
4498.3298106	0.59609182433
4499.44360842	0.603289392202
4500.55740625	0.616741718549
4501.67120407	0.654102103511
4502.7850019	0.680787732202
4503.89879972	0.708294696637
4505.01259755	0.745445277826
4506.12639537	0.774090034121
4507.2401932	0.787316355043
4508.35399102	0.791265146607
4509.46778885	0.770899303857
4510.58158667	0.735426298405
4511.6953845	0.712616508918
4512.80918232	0.684346744128
4513.92298015	0.640775349228
4515.03677798	0.60102705961
4516.1505758	0.573003172593
4517.26437363	0.557728241687
4518.37817145	0.558162588333
4519.49196928	0.557223619179
4520.6057671	0.549059749828
4521.71956493	0.544341897123
4522.83336275	0.542375152703
4523.94716058	0.538956398243
4525.0609584	0.541752772831
4526.17475623	0.56002124147
4527.28855405	0.587248430441
4528.40235188	0.619107576182
4529.5161497	0.65066237377
4530.62994753	0.685818177284
4531.74374535	0.738752062982
4532.85754318	0.787228996789
4533.971341	0.803460879742
4535.08513883	0.788235035792
4536.19893665	0.771107268726
4537.31273448	0.767888713177
4538.4265323	0.76567480072
4539.54033013	0.740730113571
4540.65412796	0.697035332536
4541.76792578	0.663727142323
4542.88172361	0.644587510059
4543.99552143	0.621425439531
4545.10931926	0.588049149938
4546.22311708	0.556715791475
4547.33691491	0.529954707031
4548.45071273	0.527363931457
4549.56451056	0.52516364473
4550.67830838	0.540046159846
4551.79210621	0.564797040519
4552.90590403	0.60726148199
4554.01970186	0.642039034288
4555.13349968	0.66179715639
4556.24729751	0.693642770037
4557.36109533	0.724269486136
4558.47489316	0.750697295315
4559.58869098	0.746733083546
4560.70248881	0.740090141325
4561.81628663	0.727265833824
4562.93008446	0.728268615215
4564.04388229	0.724791399413
4565.15768011	0.712294387882
4566.27147794	0.697152197442
4567.38527576	0.720665468058
4568.49907359	0.747030736607
4569.61287141	0.770877308899
4570.72666924	0.79397555926
4571.84046706	0.798846064716
4572.95426489	0.805881625157
4574.06806271	0.806184072078
4575.18186054	0.77700359656
4576.29565836	0.722136314153
4577.40945619	0.693578709017
4578.52325401	0.660689993649
4579.63705184	0.624243062029
4580.75084966	0.605834139615
4581.86464749	0.581775838298
4582.97844531	0.566863633455
4584.09224314	0.582253060322
4585.20604096	0.586258743689
4586.31983879	0.594089725613
4587.43363661	0.616896253932
4588.54743444	0.641578531014
4589.66123227	0.666679334104
4590.77503009	0.699565582518
4591.88882792	0.716979334002
4593.00262574	0.715065386996
4594.11642357	0.704886087749
4595.23022139	0.679347145114
4596.34401922	0.651461977681
4597.45781704	0.624074632661
4598.57161487	0.588836220734
4599.68541269	0.551642705571
4600.79921052	0.528380154163
4601.91300834	0.529874882977
4603.02680617	0.549535941389
4604.14060399	0.567274068286
4605.25440182	0.59324950793
4606.36819964	0.628460912107
4607.48199747	0.662924997063
4608.59579529	0.70333167117
4609.70959312	0.737256089381
4610.82339094	0.755154804826
4611.93718877	0.761262658962
4613.0509866	0.748836361564
4614.16478442	0.726310565884
4615.27858225	0.712613486679
4616.39238007	0.702485737376
4617.5061779	0.680132839939
4618.61997572	0.653349418352
4619.73377355	0.640292120623
4620.84757137	0.645182552881
4621.9613692	0.665584197701
4623.07516702	0.673303155398
4624.18896485	0.657247295309
4625.30276267	0.64953477844
4626.4165605	0.649405029604
4627.53035832	0.635290937026
4628.64415615	0.610350551887
4629.75795397	0.568993026648
4630.8717518	0.5368427991
4631.98554962	0.518329131113
4633.09934745	0.494575539199
4634.21314527	0.472567484046
4635.3269431	0.463236887444
4636.44074093	0.485573368612
4637.55453875	0.511037777453
4638.66833658	0.539609727088
4639.7821344	0.551913719421
4640.89593223	0.556208845907
4642.00973005	0.569061827074
4643.12352788	0.56123236
4644.2373257	0.540061057533
4645.35112353	0.492662167943
4646.46492135	0.45272696086
4647.57871918	0.431087777639
4648.692517	0.424561279662
4649.80631483	0.419084493897
4650.92011265	0.433950171966
4652.03391048	0.446794537279
4653.1477083	0.479053273915
4654.26150613	0.513882971849
4655.37530395	0.534716184027
4656.48910178	0.536974206098
4657.6028996	0.529865664728
4658.71669743	0.535511747539
4659.83049525	0.534157611555
4660.94429308	0.559641190415
4662.05809091	0.585348677394
4663.17188873	0.634881375354
4664.28568656	0.698080063849
4665.39948438	0.771210255622
4666.51328221	0.837254805742
4667.62708003	0.890134586388
4668.74087786	0.919408879062
4669.85467568	0.910832427664
4670.96847351	0.868877577357
4672.08227133	0.816816310548
4673.19606916	0.7619350618
4674.30986698	0.700952369541
4675.42366481	0.648569717025
4676.53746263	0.603469084303
4677.65126046	0.583298981034
4678.76505828	0.590204797245
4679.87885611	0.612239272327
4680.99265393	0.629082769343
4682.10645176	0.636267573041
4683.22024958	0.64581862903
4684.33404741	0.668040300561
4685.44784524	0.695942230588
4686.56164306	0.720920377158
4687.67544089	0.740811171917
4688.78923871	0.756755001015
4689.90303654	0.771190742368
4691.01683436	0.776683197004
4692.13063219	0.758816732925
4693.24443001	0.717639242439
4694.35822784	0.660696555166
4695.47202566	0.595081547219
4696.58582349	0.534193233058
4697.69962131	0.486025945243
4698.81341914	0.448872324381
4699.92721696	0.435651983978
4701.04101479	0.456454626216
4702.15481261	0.502331435075
4703.26861044	0.551472549825
4704.38240826	0.599229583551
4705.49620609	0.635283785591
4706.61000391	0.667168479852
4707.72380174	0.696587236207
4708.83759957	0.706010509366
4709.95139739	0.688881601993
4711.06519522	0.663807403306
4712.17899304	0.646575987827
4713.29279087	0.627374125284
4714.40658869	0.618968482286
4715.52038652	0.609558137542
4716.63418434	0.597682575294
4717.74798217	0.595706591927
4718.86177999	0.612877810065
4719.97557782	0.622920265363
4721.08937564	0.63371215293
4722.20317347	0.640588721008
4723.31697129	0.631459097008
4724.43076912	0.61321000939
4725.54456694	0.590649999837
4726.65836477	0.57196991478
4727.77216259	0.536326426614
4728.88596042	0.507007103534
4729.99975824	0.471098229822
4731.11355607	0.452668647901
4732.22735389	0.448131700076
4733.34115172	0.464619917949
4734.45494955	0.468756453493
4735.56874737	0.479904770423
4736.6825452	0.497655752272
4737.79634302	0.521317175922
4738.91014085	0.551049431571
4740.02393867	0.559355141513
4741.1377365	0.554404611031
4742.25153432	0.534309096246
4743.36533215	0.513749684668
4744.47912997	0.483575686179
4745.5929278	0.453237716702
4746.70672562	0.396186947708
4747.82052345	0.359275062363
4748.93432127	0.345564445117
4750.0481191	0.350551559642
4751.16191692	0.377286027789
4752.27571475	0.431260632095
4753.38951257	0.484113808455
4754.5033104	0.544488049168
4755.61710822	0.606282640107
4756.73090605	0.638349682501
4757.84470388	0.667998307553
4758.9585017	0.690832648681
4760.07229953	0.682319586643
4761.18609735	0.657869534784
4762.29989518	0.644127034304
4763.413693	0.637980725738
4764.52749083	0.648060762073
4765.64128865	0.662814025686
4766.75508648	0.667924413469
4767.8688843	0.677002528104
4768.98268213	0.712198599881
4770.09647995	0.745720258847
4771.21027778	0.768633482654
4772.3240756	0.784352643759
4773.43787343	0.786327362632
4774.55167125	0.789088873492
4775.66546908	0.796861889948
4776.7792669	0.791680004253
4777.89306473	0.763479796905
4779.00686255	0.734376342482
4780.12066038	0.706599760166
4781.23445821	0.684750231121
4782.34825603	0.671220484705
4783.46205386	0.647141499976
4784.57585168	0.620374449531
4785.68964951	0.614067962876
4786.80344733	0.62018732293
4787.91724516	0.62959597418
4789.03104298	0.632966232185
4790.14484081	0.626747482934
4791.25863863	0.637833090792
4792.37243646	0.667768374838
4793.48623428	0.700888455097
4794.60003211	0.716255979185
4795.71382993	0.716475977621
4796.82762776	0.722704377911
4797.94142558	0.734563506282
4799.05522341	0.735269761159
4800.16902123	0.711182216373
4801.28281906	0.668522158209
4802.39661688	0.610698442997
4803.51041471	0.552576528358
4804.62421253	0.502017109149
4805.73801036	0.445747605869
4806.85180819	0.395837318676
4807.96560601	0.36551252937
4809.07940384	0.349045214132
4810.19320166	0.356169699568
4811.30699949	0.383939697745
4812.42079731	0.432516518081
4813.53459514	0.493019465624
4814.64839296	0.559198311465
4815.76219079	0.61814776363
4816.87598861	0.673388124651
4817.98978644	0.737714817536
4819.10358426	0.802586870422
4820.21738209	0.846537395176
4821.33117991	0.870877063012
4822.44497774	0.878959686862
4823.55877556	0.864758575883
4824.67257339	0.849795606565
4825.78637121	0.817777433421
4826.90016904	0.771871807061
4828.01396686	0.717193604667
4829.12776469	0.670155153937
4830.24156252	0.632662293676
4831.35536034	0.605407868405
4832.46915817	0.590461381239
4833.58295599	0.586130956895
4834.69675382	0.591297122352
4835.81055164	0.59214426875
4836.92434947	0.581051735792
4838.03814729	0.570095935656
4839.15194512	0.561555797304
4840.26574294	0.560648085902
4841.37954077	0.558130120893
4842.49333859	0.532634717368
4843.60713642	0.510487442034
4844.72093424	0.49857563414
4845.83473207	0.497377571011
4846.94852989	0.500362608274
4848.06232772	0.489450812046
4849.17612554	0.4711768513
4850.28992337	0.484929473448
4851.40372119	0.519368803749
4852.51751902	0.564838009595
4853.63131684	0.592916134831
4854.74511467	0.620778656577
4855.8589125	0.642326657628
4856.97271032	0.669587108369
4858.08650815	0.676272051586
4859.20030597	0.651378617265
4860.3141038	0.61829573942
4861.42790162	0.575631881127
4862.54169945	0.538296939213
4863.65549727	0.510971479313
4864.7692951	0.487741471256
4865.88309292	0.463378297635
4866.99689075	0.448380543999
4868.11068857	0.423364738847
4869.2244864	0.40465636977
4870.33828422	0.390949464964
4871.45208205	0.385534397047
4872.56587987	0.3596588753
4873.6796777	0.335237887684
4874.79347552	0.330112602681
4875.90727335	0.355832227474
4877.02107117	0.390238969064
4878.134869	0.419461653839
4879.24866683	0.437163450782
4880.36246465	0.462312934451
4881.47626248	0.501790624524
4882.5900603	0.54079142339
4883.70385813	0.542938013308
4884.81765595	0.521208738781
4885.93145378	0.50326424734
4887.0452516	0.477003413314
4888.15904943	0.448747413833
4889.27284725	0.393136505987
4890.38664508	0.330099452128
4891.5004429	0.274783421437
4892.61424073	0.251193766812
4893.72803855	0.248025355384
4894.84183638	0.247035929251
4895.9556342	0.265262450592
4897.06943203	0.319570805223
4898.18322985	0.388569451212
4899.29702768	0.463630996494
4900.4108255	0.533084527481
4901.52462333	0.57854467722
4902.63842116	0.616062418189
4903.75221898	0.662416504811
4904.86601681	0.691727585706
4905.97981463	0.686903025737
4907.09361246	0.669204106556
4908.20741028	0.641334176138
4909.32120811	0.622562127931
4910.43500593	0.604289303877
4911.54880376	0.565506686816
4912.66260158	0.516509974412
4913.77639941	0.468694971719
4914.89019723	0.440489177113
4916.00399506	0.443114343454
4917.11779288	0.440321825083
4918.23159071	0.444713404234
4919.34538853	0.458332350314
4920.45918636	0.483811514231
4921.57298418	0.532267108241
4922.68678201	0.579696713064
4923.80057983	0.604373115332
4924.91437766	0.622869864587
4926.02817548	0.649983279748
4927.14197331	0.660451983983
4928.25577114	0.673183822664
4929.36956896	0.684649539299
4930.48336679	0.692018847323
4931.59716461	0.71324828504
4932.71096244	0.74048794614
4933.82476026	0.761242412479
4934.93855809	0.786799374273
4936.05235591	0.814878982643
4937.16615374	0.836307181147
4938.27995156	0.850809334099
4939.39374939	0.84725343076
4940.50754721	0.824414830885
4941.62134504	0.792113847036
4942.73514286	0.76015341454
4943.84894069	0.717422525694
4944.96273851	0.662533197779
4946.07653634	0.614437910105
4947.19033416	0.573576734173
4948.30413199	0.54744490899
4949.41792981	0.550644533974
4950.53172764	0.573367865594
4951.64552547	0.598088617979
4952.75932329	0.630325167197
4953.87312112	0.659602941777
4954.98691894	0.676917279692
4956.10071677	0.691702038353
4957.21451459	0.67914244083
4958.32831242	0.626570748996
4959.44211024	0.559544157393
4960.55590807	0.500014605803
4961.66970589	0.463505266426
4962.78350372	0.452625012473
4963.89730154	0.455170932319
4965.01109937	0.474913184808
4966.12489719	0.525925180765
4967.23869502	0.606079636547
4968.35249284	0.692861767274
4969.46629067	0.763252993825
4970.58008849	0.806672421336
4971.69388632	0.836805928491
4972.80768414	0.859106101628
4973.92148197	0.853197701978
4975.0352798	0.816688623453
4976.14907762	0.766213379048
4977.26287545	0.722237692795
4978.37667327	0.682228896266
4979.4904711	0.636156435615
4980.60426892	0.589510630741
4981.71806675	0.571650134178
4982.83186457	0.588848374991
4983.9456624	0.626532399979
4985.05946022	0.653782548895
4986.17325805	0.664407360094
4987.28705587	0.686726949467
4988.4008537	0.728628068682
4989.51465152	0.765138817496
4990.62844935	0.779563409517
4991.74224717	0.768149735261
4992.856045	0.754583139521
4993.96984282	0.777500860421
4995.08364065	0.81244169479
4996.19743847	0.82167866798
4997.3112363	0.821863816914
4998.42503412	0.830319224243
4999.53883195	0.857317394003
5000.65262978	0.898833543416
5001.7664276	0.929194105291
5002.88022543	0.936179921399
5003.99402325	0.9491912105
5005.10782108	0.976186036067
5006.2216189	0.998514926772
5007.33541673	1.0
5008.44921455	0.961779969166
5009.56301238	0.908048058425
5010.6768102	0.868281234592
5011.79060803	0.81865497992
5012.90440585	0.743769245976
5014.01820368	0.665356595392
5015.1320015	0.593542582214
5016.24579933	0.547192723322
5017.35959715	0.523807634101
5018.47339498	0.487816123174
5019.5871928	0.445806831168
5020.70099063	0.429914073339
5021.81478845	0.431764050279
5022.92858628	0.439386395091
5024.04238411	0.441076950609
5025.15618193	0.431151217432
5026.26997976	0.424200481825
5027.38377758	0.440671811984
5028.49757541	0.463399934316
5029.61137323	0.481021778471
5030.72517106	0.492204877969
5031.83896888	0.507560576751
5032.95276671	0.527965098401
5034.06656453	0.562780651059
5035.18036236	0.591931613336
5036.29416018	0.611122672873
5037.40795801	0.617767798864
5038.52175583	0.619436467112
5039.63555366	0.635555117897
5040.74935148	0.645994256477
5041.86314931	0.649211904468
5042.97694713	0.633741778523
5044.09074496	0.612494396976
5045.20454278	0.598020918097
5046.31834061	0.594228766219
5047.43213843	0.579926159991
5048.54593626	0.556152906615
5049.65973409	0.527427939071
5050.77353191	0.513162232659
5051.88732974	0.503766785718
5053.00112756	0.492476075477
5054.11492539	0.478001232639
5055.22872321	0.462029509456
5056.34252104	0.462010636845
5057.45631886	0.468881790942
5058.57011669	0.478472879297
5059.68391451	0.483524107083
5060.79771234	0.48888243298
5061.91151016	0.493945764531
5063.02530799	0.493926415811
5064.13910581	0.497127333858
5065.25290364	0.48410727644
5066.36670146	0.473558284635
5067.48049929	0.476304697476
5068.59429711	0.489846920452
5069.70809494	0.523927547774
5070.82189276	0.557060509339
5071.93569059	0.58353920683
5073.04948842	0.612530728212
5074.16328624	0.64810476983
5075.27708407	0.667890673839
5076.39088189	0.655698666787
5077.50467972	0.610528799859
5078.61847754	0.572372064516
5079.73227537	0.549938359323
5080.84607319	0.530377495052
5081.95987102	0.507975912839
5083.07366884	0.490544049726
5084.18746667	0.504885334271
5085.30126449	0.544345797652
5086.41506232	0.59299908782
5087.52886014	0.607327672967
5088.64265797	0.621403819642
5089.75645579	0.640778045431
5090.87025362	0.655595067118
5091.98405144	0.651724157098
5093.09784927	0.638619136257
5094.21164709	0.634649539017
5095.32544492	0.646677989271
5096.43924275	0.665338227109
5097.55304057	0.681796816125
5098.6668384	0.698634227034
5099.78063622	0.719627249928
5100.89443405	0.748325431394
5102.00823187	0.7368147226
5103.1220297	0.711205767869
5104.23582752	0.685210705127
5105.34962535	0.654057529158
5106.46342317	0.614609724245
5107.577221	0.584542273736
5108.69101882	0.535106125575
5109.80481665	0.506235367004
5110.91861447	0.511239196897
5112.0324123	0.520271685026
5113.14621012	0.536486219898
5114.26000795	0.559424853811
5115.37380577	0.579274120827
5116.4876036	0.60516896016
5117.60140142	0.648403471836
5118.71519925	0.660880445437
5119.82899707	0.669139925312
5120.9427949	0.659568415395
5122.05659273	0.658845796372
5123.17039055	0.662093016666
5124.28418838	0.662939779191
5125.3979862	0.645645903017
5126.51178403	0.644566012608
5127.62558185	0.647553624337
5128.73937968	0.652891342967
5129.8531775	0.6676597348
5130.96697533	0.654188881816
5132.08077315	0.63128285224
5133.19457098	0.623077967286
5134.3083688	0.616941443508
5135.42216663	0.598699819717
5136.53596445	0.583147833165
5137.64976228	0.54888753992
5138.7635601	0.515878063841
5139.87735793	0.499862056775
5140.99115575	0.490983975118
5142.10495358	0.472786431147
5143.2187514	0.450104042833
5144.33254923	0.435785341823
5145.44634706	0.436743024534
5146.56014488	0.458952111993
5147.67394271	0.484567829039
5148.78774053	0.504572725161
5149.90153836	0.528221427957
5151.01533618	0.565627696602
5152.12913401	0.596362719941
5153.24293183	0.614281496696
5154.35672966	0.632778406404
5155.47052748	0.651115284482
5156.58432531	0.668533084237
5157.69812313	0.676549886756
5158.81192096	0.687714319106
5159.92571878	0.704744374494
5161.03951661	0.736392127449
5162.15331443	0.760035278901
5163.26711226	0.770930612916
5164.38091008	0.766017892139
5165.49470791	0.771381147978
5166.60850573	0.779459972749
5167.72230356	0.776745576542
5168.83610139	0.743585166917
5169.94989921	0.700168658214
5171.06369704	0.660403795257
5172.17749486	0.6285907786
5173.29129269	0.597619193164
5174.40509051	0.559193251273
5175.51888834	0.512737684211
5176.63268616	0.472985483104
5177.74648399	0.464990670587
5178.86028181	0.491728235719
5179.97407964	0.528737368994
5181.08787746	0.568300157522
5182.20167529	0.608262621719
5183.31547311	0.647901067323
5184.42927094	0.702630194528
5185.54306876	0.745058778072
5186.65686659	0.746913811939
5187.77066441	0.720877992581
5188.88446224	0.692710266666
5189.99826006	0.672649807779
5191.11205789	0.66736415893
5192.22585571	0.65551554298
5193.33965354	0.644441579919
5194.45345137	0.658778095208
5195.56724919	0.700568479526
5196.68104702	0.741639647786
5197.79484484	0.765930494531
5198.90864267	0.771704344721
5200.02244049	0.773526504537
5201.13623832	0.779909103621
5202.25003614	0.767529431823
5203.36383397	0.725680297383
5204.47763179	0.667756418931
5205.59142962	0.602397911254
5206.70522744	0.541484257768
5207.81902527	0.488378649465
5208.93282309	0.429951359826
5210.04662092	0.380908155571
5211.16041874	0.361685897053
5212.27421657	0.379791612555
5213.38801439	0.423492677348
5214.50181222	0.483229942866
5215.61561004	0.555274388074
5216.72940787	0.630084273821
5217.8432057	0.697683437471
5218.95700352	0.75205414587
5220.07080135	0.770156706665
5221.18459917	0.760778815135
5222.298397	0.738220843768
5223.41219482	0.700760797037
5224.52599265	0.654441357837
5225.63979047	0.60427753291
5226.7535883	0.553419780175
5227.86738612	0.517225656441
5228.98118395	0.497826286643
5230.09498177	0.477665488555
5231.2087796	0.464124245667
5232.32257742	0.472635236285
5233.43637525	0.502631897857
5234.55017307	0.546411692923
5235.6639709	0.598445758648
5236.77776872	0.642969288064
5237.89156655	0.689769037527
5239.00536437	0.736229615456
5240.1191622	0.766347021066
5241.23296003	0.775537782031
5242.34675785	0.758587044619
5243.46055568	0.726583015176
5244.5743535	0.697018139193
5245.68815133	0.677738970273
5246.80194915	0.657874406305
5247.91574698	0.637640775614
5249.0295448	0.614797300603
5250.14334263	0.597843393676
5251.25714045	0.595243402594
5252.37093828	0.5964572073
5253.4847361	0.586542242613
5254.59853393	0.554268397754
5255.71233175	0.51601907092
5256.82612958	0.486036512177
5257.9399274	0.462177663306
5259.05372523	0.427145144187
5260.16752305	0.380166486693
5261.28132088	0.332812620047
5262.3951187	0.316322653525
5263.50891653	0.334249672172
5264.62271435	0.356445921761
5265.73651218	0.37913222314
5266.85031001	0.410279011163
5267.96410783	0.455051560405
5269.07790566	0.512941947309
5270.19170348	0.577528417783
5271.30550131	0.607299162844
5272.41929913	0.620160852975
5273.53309696	0.643775835732
5274.64689478	0.660163207394
5275.76069261	0.674776449263
5276.87449043	0.678707066171
5277.98828826	0.658775031106
5279.10208608	0.620323072866
5280.21588391	0.593175925189
5281.32968173	0.557211269954
5282.44347956	0.519864221826
5283.55727738	0.497026889244
5284.67107521	0.483973389895
5285.78487303	0.490394288555
5286.89867086	0.505057272132
5288.01246868	0.531454962002
5289.12626651	0.569884079471
5290.24006434	0.600711567374
5291.35386216	0.618716144678
5292.46765999	0.628514027044
5293.58145781	0.625024575418
5294.69525564	0.624076701748
5295.80905346	0.637306195975
5296.92285129	0.629158737878
5298.03664911	0.61662758378
5299.15044694	0.625951607904
5300.26424476	0.634746803505
5301.37804259	0.64380232376
5302.49184041	0.654721184317
5303.60563824	0.63771415639
5304.71943606	0.626668096043
5305.83323389	0.641104629861
5306.94703171	0.638177574508
5308.06082954	0.632699651877
5309.17462736	0.623730295521
5310.28842519	0.62067544696
5311.40222301	0.631672428748
5312.51602084	0.650069857954
5313.62981866	0.653028267959
5314.74361649	0.650919180835
5315.85741432	0.648443506417
5316.97121214	0.639964115444
5318.08500997	0.642397116564
5319.19880779	0.64228193355
5320.31260562	0.639910303077
5321.42640344	0.645832129407
5322.54020127	0.647237114465
5323.65399909	0.648176869088
5324.76779692	0.671698577206
5325.88159474	0.697146435679
5326.99539257	0.706068809382
5328.10919039	0.705881188015
5329.22298822	0.701803666591
5330.33678604	0.70407543374
5331.45058387	0.723339520615
5332.56438169	0.733423184617
5333.67817952	0.720236598536
5334.79197734	0.704484322352
5335.90577517	0.695373180328
5337.01957299	0.686558680434
5338.13337082	0.679958820629
5339.24716865	0.677876766209
5340.36096647	0.675642716297
5341.4747643	0.693793235052
5342.58856212	0.727824285083
5343.70235995	0.768455828448
5344.81615777	0.827214421515
5345.9299556	0.874197449991
5347.04375342	0.889345359165
5348.15755125	0.883030338107
5349.27134907	0.858278054526
5350.3851469	0.819420258247
5351.49894472	0.778424975266
5352.61274255	0.718307106671
5353.72654037	0.646073599407
5354.8403382	0.594706881225
5355.95413602	0.569492402159
5357.06793385	0.562970114246
5358.18173167	0.560467500411
5359.2955295	0.550626277285
5360.40932732	0.537079752067
5361.52312515	0.546480677705
5362.63692298	0.563665071117
5363.7507208	0.594588816834
5364.86451863	0.614034857682
5365.97831645	0.631354704326
5367.09211428	0.681042652711
5368.2059121	0.745613318528
5369.31970993	0.805911203514
5370.43350775	0.841994537026
5371.54730558	0.843766093816
5372.6611034	0.827139228628
5373.77490123	0.814130833524
5374.88869905	0.75229845404
5376.00249688	0.650865688547
5377.1162947	0.556706147244
5378.23009253	0.474366289183
5379.34389035	0.408920537989
5380.45768818	0.364588713248
5381.571486	0.329425032676
5382.68528383	0.322108111722
5383.79908165	0.367773368625
5384.91287948	0.424095870117
5386.0266773	0.475236900455
5387.14047513	0.518904996628
5388.25427296	0.559507135955
5389.36807078	0.58869738839
5390.48186861	0.595733218252
5391.59566643	0.581738833535
5392.70946426	0.533645841634
5393.82326208	0.478535667778
5394.93705991	0.433258754722
5396.05085773	0.400661053763
5397.16465556	0.390468016027
5398.27845338	0.411195412814
5399.39225121	0.447198456478
5400.50604903	0.504531667696
5401.61984686	0.592423628566
5402.73364468	0.680338327943
5403.84744251	0.738717019678
5404.96124033	0.76913217286
5406.07503816	0.768921218169
5407.18883598	0.748262654807
5408.30263381	0.723234752303
5409.41643163	0.676606396027
5410.53022946	0.617523393964
5411.64402729	0.582381557024
5412.75782511	0.572005607007
5413.87162294	0.580929370907
5414.98542076	0.592750018144
5416.09921859	0.595199080813
5417.21301641	0.592094077752
5418.32681424	0.591687564322
5419.44061206	0.602716142489
5420.55440989	0.596584947567
5421.66820771	0.576428370679
5422.78200554	0.554518443612
5423.89580336	0.545990664863
5425.00960119	0.564673384321
5426.12339901	0.580754833743
5427.23719684	0.579594986114
5428.35099466	0.586344281871
5429.46479249	0.600020063024
5430.57859031	0.617931305521
5431.69238814	0.637847506889
5432.80618596	0.643061447116
5433.91998379	0.644478914915
5435.03378162	0.659135083237
5436.14757944	0.679775486461
5437.26137727	0.691297537805
5438.37517509	0.694575036812
5439.48897292	0.687989234535
5440.60277074	0.677775810036
5441.71656857	0.668140565133
5442.83036639	0.647979341893
5443.94416422	0.615061124071
5445.05796204	0.586355325089
5446.17175987	0.569628302635
5447.28555769	0.56451937035
5448.39935552	0.572809624637
5449.51315334	0.591319040057
5450.62695117	0.620062271753
5451.74074899	0.650087816943
5452.85454682	0.689080465045
5453.96834464	0.722663988959
5455.08214247	0.729375480024
5456.19594029	0.712437600363
5457.30973812	0.685484099758
5458.42353594	0.659315253604
5459.53733377	0.640277713971
5460.6511316	0.631703947
5461.76492942	0.633501802151
5462.87872725	0.654218322353
5463.99252507	0.705186117101
5465.1063229	0.77352843626
5466.22012072	0.83096084404
5467.33391855	0.86401308029
5468.44771637	0.884134577609
5469.5615142	0.889733759684
5470.67531202	0.889428343755
5471.78910985	0.869027167931
5472.90290767	0.832080534415
5474.0167055	0.795962215266
5475.13050332	0.777737275243
5476.24430115	0.758571078689
5477.35809897	0.718571066104
5478.4718968	0.679611479907
5479.58569462	0.631961108902
5480.69949245	0.589116016896
5481.81329027	0.543445148246
5482.9270881	0.494697642765
5484.04088593	0.453318070854
5485.15468375	0.44714469845
5486.26848158	0.458377877586
5487.3822794	0.486677370817
5488.49607723	0.526620242117
5489.60987505	0.57349893956
5490.72367288	0.627184904175
5491.8374707	0.683057248063
5492.95126853	0.732837917371
5494.06506635	0.769458209584
5495.17886418	0.795191630821
5496.292662	0.798876202391
5497.40645983	0.804156530896
5498.52025765	0.811865915098
5499.63405548	0.814559002642
5500.7478533	0.797101849295
5501.86165113	0.77345953392
5502.97544895	0.746087818183
5504.08924678	0.734958153593
5505.2030446	0.717201226265
5506.31684243	0.682877939427
5507.43064025	0.637570606797
5508.54443808	0.616014496145
5509.65823591	0.609124028076
5510.77203373	0.604443065276
5511.88583156	0.602249677878
5512.99962938	0.603953559561
5514.11342721	0.616687488551
5515.22722503	0.629871835064
5516.34102286	0.609899651958
5517.45482068	0.572332465115
5518.56861851	0.540760000872
5519.68241633	0.521031839844
5520.79621416	0.500358136134
5521.91001198	0.468180590077
5523.02380981	0.442040223262
5524.13760763	0.436296272343
5525.25140546	0.45918272593
5526.36520328	0.481251980316
5527.47900111	0.481004360425
5528.59279893	0.460046961191
5529.70659676	0.446432358282
5530.82039458	0.448696840712
5531.93419241	0.468390353853
5533.04799024	0.475036725215
5534.16178806	0.475862537763
5535.27558589	0.470793699529
5536.38938371	0.501403419935
5537.50318154	0.540575089468
5538.61697936	0.556259440718
5539.73077719	0.550048305368
5540.84457501	0.53253531546
5541.95837284	0.523477167333
5543.07217066	0.52987752251
5544.18596849	0.526681990457
5545.29976631	0.504375997312
5546.41356414	0.48897458457
5547.52736196	0.489895639861
5548.64115979	0.496914531635
5549.75495761	0.492485090537
5550.86875544	0.46914584063
5551.98255326	0.436816191336
5553.09635109	0.424524181846
5554.21014891	0.42183179768
5555.32394674	0.424503943292
5556.43774457	0.422786096202
5557.55154239	0.442089876815
5558.66534022	0.483608701092
5559.77913804	0.542271865192
5560.89293587	0.602334696456
5562.00673369	0.646267179484
5563.12053152	0.670966749774
5564.23432934	0.68765370346
5565.34812717	0.6962612941
5566.46192499	0.684819148792
5567.57572282	0.655609499231
5568.68952064	0.648303512853
5569.80331847	0.640997526474
5570.91711629	0.633691540096
5572.03091412	0.626385553717
5573.14471194	0.619079567339
5574.25850977	0.61177358096
5575.37230759	0.604467594581
5576.48610542	0.597161608203
5577.59990324	0.589855621824
5578.71370107	0.582549635446
5579.82749889	0.575243649067
5580.94129672	0.567937662689
5582.05509455	0.56063167631
5583.16889237	0.553325689932
5584.2826902	0.546019703553
5585.39648802	0.538713717175
5586.51028585	0.531407730796
5587.62408367	0.542967684104
5588.7378815	0.555584702639
5589.85167932	0.565538378183
5590.96547715	0.567101596979
5592.07927497	0.561001330137
5593.1930728	0.54334707841
5594.30687062	0.524675718932
5595.42066845	0.512851721555
5596.53446627	0.505573200576
5597.6482641	0.498392421244
5598.76206192	0.517590523654
5599.87585975	0.551443761709
5600.98965757	0.598735899198
5602.1034554	0.662499474358
5603.21725322	0.723805894622
5604.33105105	0.782920251454
5605.44484888	0.842831164536
5606.5586467	0.871311765194
5607.67244453	0.869342374245
5608.78624235	0.855261490615
5609.90004018	0.824663331749
5611.013838	0.783387137252
5612.12763583	0.73149539161
5613.24143365	0.672926714401
5614.35523148	0.616862429878
5615.4690293	0.60047848042
5616.58282713	0.59664589283
5617.69662495	0.592639989424
5618.81042278	0.589845998181
5619.9242206	0.59620168875
5621.03801843	0.609448372821
5622.15181625	0.627539950802
5623.26561408	0.619269552245
5624.3794119	0.592589852766
5625.49320973	0.568266918023
5626.60700755	0.559277257113
5627.72080538	0.55863342037
5628.83460321	0.556764031975
5629.94840103	0.553898308206
5631.06219886	0.553663134323
5632.17599668	0.578094971355
5633.28979451	0.607809537612
5634.40359233	0.627288914537
5635.51739016	0.620077292694
5636.63118798	0.61825511492
5637.74498581	0.621771380727
5638.85878363	0.641314382443
5639.97258146	0.651921869931
5641.08637928	0.653109654439
5642.20017711	0.642489082631
5643.31397493	0.6299838446
5644.42777276	0.620824684096
5645.54157058	0.610088539453
5646.65536841	0.572304019942
5647.76916623	0.521347168246
5648.88296406	0.482397127558
5649.99676188	0.466163422726
5651.11055971	0.476618108964
5652.22435753	0.48010926318
5653.33815536	0.479116720471
5654.45195319	0.482276386903
5655.56575101	0.506143630189
5656.67954884	0.52530502367
5657.79334666	0.530314499709
5658.90714449	0.514597873539
5660.02094231	0.486113506919
5661.13474014	0.465483553496
5662.24853796	0.460772918226
5663.36233579	0.448818239268
5664.47613361	0.434244271698
5665.58993144	0.41768454227
5666.70372926	0.406160150259
5667.81752709	0.41196912223
5668.93132491	0.426052063637
5670.04512274	0.437853706496
5671.15892056	0.453041625881
5672.27271839	0.484383330077
5673.38651621	0.522365107534
5674.50031404	0.555697529766
5675.61411186	0.583615240666
5676.72790969	0.596045000497
5677.84170752	0.589673880744
5678.95550534	0.57766795747
5680.06930317	0.520230030297
5681.18310099	0.443921410959
5682.29689882	0.386299093035
5683.41069664	0.355417684786
5684.52449447	0.330571726486
5685.63829229	0.322668186919
5686.75209012	0.337125092224
5687.86588794	0.378152888239
5688.97968577	0.461657674348
5690.09348359	0.537448489957
5691.20728142	0.573226396982
5692.32107924	0.596996089158
5693.43487707	0.62355793449
5694.54867489	0.631370427559
5695.66247272	0.635899166317
5696.77627054	0.613438035102
5697.89006837	0.589910029817
5699.00386619	0.57081013152
5700.11766402	0.553039149229
5701.23146184	0.530195173505
5702.34525967	0.495173226568
5703.4590575	0.463214537357
5704.57285532	0.429032393213
5705.68665315	0.393012491569
5706.80045097	0.36476117144
5707.9142488	0.350166242465
5709.02804662	0.340794048271
5710.14184445	0.339291095463
5711.25564227	0.350139509793
5712.3694401	0.355588554171
5713.48323792	0.373528756314
5714.59703575	0.412293188866
5715.71083357	0.464870034412
5716.8246314	0.51719168138
5717.93842922	0.570689282186
5719.05222705	0.619565929909
5720.16602487	0.675955485509
5721.2798227	0.739891591014
5722.39362052	0.775271606585
5723.50741835	0.781792732968
5724.62121617	0.767144366169
5725.735014	0.760526033019
5726.84881183	0.765530534688
5727.96260965	0.772072881696
5729.07640748	0.757626196241
5730.1902053	0.747881397445
5731.30400313	0.759544251571
5732.41780095	0.802411438876
5733.53159878	0.841002038575
5734.6453966	0.845019200806
5735.75919443	0.836326411977
5736.87299225	0.8268037888
5737.98679008	0.827322884543
5739.1005879	0.823633402854
5740.21438573	0.815610221775
5741.32818355	0.799854962766
5742.44198138	0.792342340462
5743.5557792	0.818701772269
5744.66957703	0.850374587256
5745.78337485	0.878900906422
5746.89717268	0.891780868984
5748.0109705	0.888726095052
5749.12476833	0.870100589642
5750.23856616	0.848927503193
5751.35236398	0.806409337161
5752.46616181	0.754910948915
5753.57995963	0.702910591453
5754.69375746	0.664376376488
5755.80755528	0.646381081975
5756.92135311	0.642817042565
5758.03515093	0.655238929159
5759.14894876	0.665541079662
5760.26274658	0.673703154537
5761.37654441	0.6664656698
5762.49034223	0.646585668368
5763.60414006	0.608051245492
5764.71793788	0.562753724235
5765.83173571	0.50245871789
5766.94553353	0.432663446501
5768.05933136	0.379075883649
5769.17312918	0.352093811586
5770.28692701	0.34999169224
5771.40072483	0.363988300433
5772.51452266	0.387586864006
5773.62832048	0.429102094783
5774.74211831	0.498255127188
5775.85591614	0.560308325615
5776.96971396	0.592614517982
5778.08351179	0.609255252583
5779.19730961	0.603415683677
5780.31110744	0.596657096267
5781.42490526	0.587064766156
5782.53870309	0.557356707077
5783.65250091	0.5207361799
5784.76629874	0.503193302149
5785.88009656	0.493509285597
5786.99389439	0.491341322765
5788.10769221	0.496149549491
5789.22149004	0.499433459823
5790.33528786	0.505551289401
5791.44908569	0.518584540634
5792.56288351	0.52455487333
5793.67668134	0.52321737581
5794.79047916	0.529510147181
