3570.28060221	-0.251768210494
3571.39432226	-0.317341684362
3572.50804231	-1.00450920231
3573.62176235	0.450525708326
3574.7354824	-0.697868053643
3575.84920245	-2.60620495559
3576.9629225	-2.25374655413
3578.07664254	-1.10769958536
3579.19036259	-0.680167675511
3580.30408264	-0.887115000481
3581.41780269	-0.261630257446
3582.53152273	-2.11833941181
3583.64524278	-1.26538322314
3584.75896283	-0.447159738418
3585.87268288	-0.56805964281
3586.98640292	-0.382568800015
3588.10012297	-0.274013394778
3589.21384302	-0.548972533207
3590.32756307	-0.285856166666
3591.44128311	-0.168230864379
3592.55500316	-0.00630388202139
3593.66872321	0.679679710322
3594.78244326	0.425341928257
3595.89616331	1.86302334723
3597.00988335	-0.464314731885
3598.1236034	0.0962868263583
3599.23732345	1.03777008299
3600.3510435	0.3493483381
3601.46476354	-1.8872012147
3602.57848359	-0.793157670791
3603.69220364	0.151335459484
3604.80592369	-1.28900129864
3605.91964373	-0.748869848892
3607.03336378	-0.14473787396
3608.14708383	-0.608378359071
3609.26080388	-0.733478178532
3610.37452392	-1.0280009408
3611.48824397	-0.749385002603
3612.60196402	0.134928577814
3613.71568407	0.651266151544
3614.82940412	-0.496085555528
3615.94312416	-0.16088422393
3617.05684421	-0.584081375129
3618.17056426	0.903841702348
3619.28428431	0.881902523151
3620.39800435	-0.851177758118
3621.5117244	-1.47165012261
3622.62544445	-0.777546474314
3623.7391645	-1.96324035516
3624.85288454	-2.79292672523
3625.96660459	-1.69261897133
3627.08032464	-0.215646995327
3628.19404469	-1.67913969235
3629.30776473	-1.85670028707
3630.42148478	-0.152201152098
3631.53520483	-2.17967831059
3632.64892488	-1.59051608265
3633.76264492	-0.588233996205
3634.87636497	-0.886868987438
3635.99008502	-1.00233452149
3637.10380507	-0.848783533324
3638.21752512	-1.20099262986
3639.33124516	-0.891299576619
3640.44496521	-0.595169847675
3641.55868526	0.294175463085
3642.67240531	-0.390682411447
3643.78612535	-0.915462816154
3644.8998454	-1.77979876037
3646.01356545	-1.03635064462
3647.1272855	0.171415359684
3648.24100554	0.10727122967
3649.35472559	0.176158600237
3650.46844564	-0.914667018811
3651.58216569	-0.805890821773
3652.69588573	-1.14993145286
3653.80960578	-2.51044404026
3654.92332583	0.627064966448
3656.03704588	0.269795022992
3657.15076593	-0.571510927344
3658.26448597	-1.31870268592
3659.37820602	-0.806370300374
3660.49192607	-1.33099405348
3661.60564612	-1.87935747218
3662.71936616	-1.29533064536
3663.83308621	-0.216848538204
3664.94680626	0.196885662335
3666.06052631	-0.0308558472923
3667.17424635	-1.63721561164
3668.2879664	-0.925471922334
3669.40168645	-1.06885832033
3670.5154065	-0.962909463554
3671.62912654	-1.06243010445
3672.74284659	-0.9662850526
3673.85656664	-0.965637032099
3674.97028669	0.318275608845
3676.08400673	-0.143281054662
3677.19772678	0.177417469208
3678.31144683	0.337518826103
3679.42516688	-1.21200450184
3680.53888693	0.368082456937
3681.65260697	-0.790069136692
3682.76632702	-0.84197859369
3683.88004707	-1.14477863179
3684.99376712	0.181817510952
3686.10748716	-0.0401168035063
3687.22120721	-1.45900890123
3688.33492726	-1.76578406614
3689.44864731	0.0711987472465
3690.56236735	-0.867882106174
3691.6760874	-0.806119530086
3692.78980745	-0.42688506626
3693.9035275	0.630765345614
3695.01724754	0.429260702926
3696.13096759	-1.63692620959
3697.24468764	-1.97967888287
3698.35840769	0.537449947296
3699.47212774	-0.0275659128757
3700.58584778	-1.40360274094
3701.69956783	-1.75511372253
3702.81328788	-2.42782944327
3703.92700793	0.0776329079965
3705.04072797	-0.559493196009
3706.15444802	-2.61555532056
3707.26816807	-1.36917453079
3708.38188812	-0.376158025131
3709.49560816	1.61240170566
3710.60932821	-1.04704169737
3711.72304826	-0.377184537573
3712.83676831	-1.0920632638
3713.95048835	-0.29922348223
3715.0642084	-2.46374919217
3716.17792845	-0.321919899961
3717.2916485	0.839424041469
3718.40536854	-0.183718140624
3719.51908859	-1.12479511228
3720.63280864	0.659236072174
3721.74652869	-0.538058750669
3722.86024874	-0.340176773466
3723.97396878	-0.0328745286339
3725.08768883	-0.232140749671
3726.20140888	-0.723039120308
3727.31512893	-0.469290810381
3728.42884897	0.071841484862
3729.54256902	-0.00458666049748
3730.65628907	-0.876817567189
3731.77000912	-1.97237557707
3732.88372916	-1.32279574116
3733.99744921	-1.58050516602
3735.11116926	-1.137602162
3736.22488931	-0.568845553688
3737.33860935	0.00231084230642
3738.4523294	-0.346859248134
3739.56604945	0.875864336822
3740.6797695	-0.349245373669
3741.79348955	-1.73168721197
3742.90720959	-2.23696922288
3744.02092964	-1.15620991047
3745.13464969	-2.70603499147
3746.24836974	-1.93415391162
3747.36208978	0.734228768248
3748.47580983	-1.00394068876
3749.58952988	-2.13216459246
3750.70324993	-1.57153859587
3751.81696997	-3.16089705959
3752.93069002	-1.22656759415
3754.04441007	-0.0689933764461
3755.15813012	-0.35855033017
3756.27185016	0.06681348006
3757.38557021	-1.67443574019
3758.49929026	-0.168839248028
3759.61301031	-0.442976484973
3760.72673035	0.670629387257
3761.8404504	-0.305445949818
3762.95417045	-1.55803163512
3764.0678905	-0.576176966334
3765.18161055	-1.87912780498
3766.29533059	-0.318889568342
3767.40905064	-1.18554581808
3768.52277069	-0.775245149878
3769.63649074	-0.533173951665
3770.75021078	-1.48031690184
3771.86393083	0.24853419173
3772.97765088	-0.460970751135
3774.09137093	-1.26015289987
3775.20509097	-0.0565473556237
3776.31881102	-1.17892584901
3777.43253107	-1.13974431142
3778.54625112	1.95274693426
3779.65997116	0.319321782387
3780.77369121	-0.503907659032
3781.88741126	-0.0809854539278
3783.00113131	-1.72668986278
3784.11485135	-1.11694478644
3785.2285714	0.718237156742
3786.34229145	0.247519401693
3787.4560115	-0.28381968622
3788.56973155	-0.319578655571
3789.68345159	0.0188016106962
3790.79717164	-0.385232940908
3791.91089169	0.193299897047
3793.02461174	-0.558267735639
3794.13833178	-1.54940477021
3795.25205183	-0.638270207265
3796.36577188	-0.102909690959
3797.47949193	0.150479068962
3798.59321197	-0.189607870102
3799.70693202	0.651998353416
3800.82065207	0.163268105492
3801.93437212	-0.633497768025
3803.04809216	0.2490167253
3804.16181221	0.695480091465
3805.27553226	-1.32542628
3806.38925231	-0.432453843414
3807.50297236	0.617572442448
3808.6166924	-0.9065290915
3809.73041245	0.221005702719
3810.8441325	-0.842030694928
3811.95785255	-1.74084618236
3813.07157259	-1.67549938832
3814.18529264	0.074982958202
3815.29901269	-1.28181831271
3816.41273274	0.0172471528285
3817.52645278	0.394739004802
3818.64017283	-1.40655463831
3819.75389288	-3.5833848878
3820.86761293	-2.24637894017
3821.98133297	-1.64554908684
3823.09505302	-1.08047348674
3824.20877307	0.613022352564
3825.32249312	-1.61513015055
3826.43621316	-0.367932894437
3827.54993321	-1.4983748353
3828.66365326	-2.29735140729
3829.77737331	-0.437870794659
3830.89109336	-1.05021222179
3832.0048134	-2.48473487846
3833.11853345	-1.24046778196
3834.2322535	-1.36168431665
3835.34597355	-0.827164968418
3836.45969359	-1.77403317194
3837.57341364	-2.24727716025
3838.68713369	-0.221850126889
3839.80085374	-3.76294255626
3840.91457378	-1.64174619648
3842.02829383	-0.931669079453
3843.14201388	-0.335820112565
3844.25573393	-1.60685700121
3845.36945397	-2.12066615235
3846.48317402	-2.28460250537
3847.59689407	-0.15815905457
3848.71061412	-0.0023574119233
3849.82433417	-1.94762477218
3850.93805421	-1.94175107869
3852.05177426	-0.252787888481
3853.16549431	1.71384647174
3854.27921436	-1.63335363377
3855.3929344	-2.73089027095
3856.50665445	-1.44600008129
3857.6203745	-1.54656283652
3858.73409455	0.443677842784
3859.84781459	1.16388661772
3860.96153464	0.489456294506
3862.07525469	-0.650289587636
3863.18897474	-0.663042649616
3864.30269478	-1.27323711881
3865.41641483	-1.32226923406
3866.53013488	-1.52558330411
3867.64385493	-2.22539998242
3868.75757497	-0.989081051902
3869.87129502	-4.25332365373
3870.98501507	-2.39213966468
3872.09873512	-1.97577165709
3873.21245517	-0.75012159256
3874.32617521	-0.847610484337
3875.43989526	-2.17057314935
3876.55361531	-1.43486793945
3877.66733536	-0.0611964050978
3878.7810554	-0.783989734055
3879.89477545	-0.899380255865
3881.0084955	1.44330559881
3882.12221555	0.54839149963
3883.23593559	-1.40989732468
3884.34965564	-0.268476443952
3885.46337569	-2.68173470396
3886.57709574	-0.848106962031
3887.69081578	0.59187701153
3888.80453583	-0.58626791808
3889.91825588	-0.63517244435
3891.03197593	-1.15969440177
3892.14569598	-2.70107022129
3893.25941602	-2.6439231103
3894.37313607	-1.81468725761
3895.48685612	-0.791330405976
3896.60057617	-0.135114506136
3897.71429621	-0.769287446844
3898.82801626	-1.5804207407
3899.94173631	0.788505044897
3901.05545636	-0.247776397696
3902.1691764	-0.682633447992
3903.28289645	-0.0726128418888
3904.3966165	-0.569106830309
3905.51033655	-0.2027799499
3906.62405659	-1.63869014791
3907.73777664	-1.8866685071
3908.85149669	-2.67419119562
3909.96521674	-2.73393928957
3911.07893678	-1.12799470468
3912.19265683	-2.78723045938
3913.30637688	-3.23052846796
3914.42009693	-1.91487151329
3915.53381698	-0.901447430792
3916.64753702	-1.07318898118
3917.76125707	-2.80259419628
3918.87497712	-2.00361417636
3919.98869717	-1.15374016131
3921.10241721	0.109278100718
3922.21613726	-2.42829590565
3923.32985731	-1.59013392728
3924.44357736	-2.02533624627
3925.5572974	-2.68207385033
3926.67101745	-0.858550342001
3927.7847375	-0.65833497234
3928.89845755	-0.234699164196
3930.01217759	0.862706527631
3931.12589764	-0.48063798036
3932.23961769	-1.06635697105
3933.35333774	-0.992070144115
3934.46705779	-0.55634255917
3935.58077783	-0.457551141237
3936.69449788	0.365951054699
3937.80821793	-0.430432646547
3938.92193798	-0.797918223645
3940.03565802	-0.977088608219
3941.14937807	-1.16066500701
3942.26309812	-1.78512906768
3943.37681817	-1.61094695612
3944.49053821	-1.43920685252
3945.60425826	-0.515833728336
3946.71797831	-2.38522819888
3947.83169836	-1.99515712154
3948.9454184	-1.70929072826
3950.05913845	-1.80989649588
3951.1728585	-0.56380534084
3952.28657855	-0.617486067245
3953.40029859	0.0454779824801
3954.51401864	-1.52301429283
3955.62773869	-1.33993048802
3956.74145874	-1.94291858732
3957.85517879	-0.596218204907
3958.96889883	-0.232730955057
3960.08261888	-0.538624836307
3961.19633893	-0.163772183003
3962.31005898	1.21769128094
3963.42377902	-1.79027352807
3964.53749907	-1.41221401354
3965.65121912	-0.916333976163
3966.76493917	-2.10007920784
3967.87865921	-2.32100848788
3968.99237926	-0.326230157445
3970.10609931	-0.83609015268
3971.21981936	-1.18200401252
3972.3335394	-0.0917327552968
3973.44725945	-0.43187335928
3974.5609795	-0.828145233501
3975.67469955	-2.44149343873
3976.78841959	-1.04967008745
3977.90213964	-3.27706220044
3979.01585969	-0.411085033853
3980.12957974	-2.52545121733
3981.24329979	0.313911866163
3982.35701983	-0.531361070734
3983.47073988	-0.936515253732
3984.58445993	-0.129338050519
3985.69817998	-1.02488758074
3986.81190002	-1.4416285526
3987.92562007	-1.16734373909
3989.03934012	-3.75117733975
3990.15306017	-1.56205942528
3991.26678021	-1.84984945135
3992.38050026	-0.517468904431
3993.49422031	-2.02325521595
3994.60794036	-1.35221887357
3995.7216604	0.384016071636
3996.83538045	-0.974855331987
3997.9491005	-1.28961116738
3999.06282055	0.347893898147
4000.1765406	1.18722244035
4001.29026064	-2.05504295587
4002.40398069	-2.5448724614
4003.51770074	-2.72393236793
4004.63142079	0.0374490109457
4005.74514083	-0.479643231709
4006.85886088	-1.97557938192
4007.97258093	-1.23169445939
4009.08630098	-0.998900642671
4010.20002102	0.282744110608
4011.31374107	-2.32494045512
4012.42746112	-3.93672105358
4013.54118117	-4.54472963138
4014.65490121	-1.44431023125
4015.76862126	-2.54936363616
4016.88234131	-2.9027267758
4017.99606136	0.121089032193
4019.1097814	0.16639220903
4020.22350145	-1.80176012915
4021.3372215	-0.442082414245
4022.45094155	-1.709398706
4023.5646616	-2.43405978984
4024.67838164	-2.81902192555
4025.79210169	-3.26811285305
4026.90582174	-1.58790658126
4028.01954179	-1.82029344736
4029.13326183	-1.86072862203
4030.24698188	-2.52835107121
4031.36070193	-2.75501861144
4032.47442198	-2.98026472708
4033.58814202	-2.22295151354
4034.70186207	-0.428777155822
4035.81558212	0.366733986524
4036.92930217	0.373981151882
4038.04302221	-1.3337051804
4039.15674226	-2.16132620993
4040.27046231	-2.39841037289
4041.38418236	-2.54265609919
4042.49790241	-1.64880516222
4043.61162245	-3.28553329826
4044.7253425	-1.75840692572
4045.83906255	0.552670448539
4046.9527826	-0.291167268653
4048.06650264	0.393291285781
4049.18022269	-2.69629575329
4050.29394274	-1.00168034175
4051.40766279	-0.942130063313
4052.52138283	-0.607873960852
4053.63510288	-2.08258951751
4054.74882293	-3.68627182072
4055.86254298	-1.79605592574
4056.97626302	-3.48753698572
4058.08998307	-2.11237964509
4059.20370312	-3.08995659991
4060.31742317	-1.31215800797
4061.43114321	-1.06160753549
4062.54486326	-2.71658918555
4063.65858331	-0.453939748574
4064.77230336	-2.23309622739
4065.88602341	-4.204775827
4066.99974345	-4.44508391789
4068.1134635	-2.00893004235
4069.22718355	-0.724461618721
4070.3409036	-3.19198100448
4071.45462364	-2.60830644983
4072.56834369	-1.35581039949
4073.68206374	0.0992614290876
4074.79578379	-0.0273593580893
4075.90950383	-0.883172633112
4077.02322388	-0.56479748326
4078.13694393	-1.08668404037
4079.25066398	-0.054689314108
4080.36438402	0.168729537313
4081.47810407	-1.68985236622
4082.59182412	-1.19727814798
4083.70554417	-2.90885313454
4084.81926422	-2.10919124326
4085.93298426	-2.48768712738
4087.04670431	-0.855644651995
4088.16042436	-4.16047892911
4089.27414441	-2.20393826687
4090.38786445	-3.88791912723
4091.5015845	-3.04641037314
4092.61530455	-4.80256945681
4093.7290246	-3.31743307681
4094.84274464	-1.93675934703
4095.95646469	-1.42074125237
4097.07018474	-2.3712221618
4098.18390479	0.144177186825
4099.29762483	-0.86078652813
4100.41134488	-1.30364000137
4101.52506493	-0.379507578347
4102.63878498	-1.77693932899
4103.75250502	-0.84087508673
4104.86622507	0.0890582739171
4105.97994512	-1.96867352802
4107.09366517	-2.49479524756
4108.20738522	-0.621641493428
4109.32110526	-1.63318823106
4110.43482531	-1.22714499993
4111.54854536	0.0326484011998
4112.66226541	-0.48806776442
4113.77598545	-3.33494874805
4114.8897055	-0.0832714699973
4116.00342555	-2.08270695227
4117.1171456	-3.80421250005
4118.23086564	-1.94822597095
4119.34458569	-1.28674588973
4120.45830574	-1.52935337263
4121.57202579	-0.962829639422
4122.68574583	-0.564862805796
4123.79946588	-0.123940888826
4124.91318593	-0.171998594839
4126.02690598	-4.5367709278
4127.14062602	-2.83492294152
4128.25434607	0.615742821018
4129.36806612	0.830224637319
4130.48178617	-2.00764716265
4131.59550622	0.0985525094887
4132.70922626	0.0935779977736
4133.82294631	-0.201958066585
4134.93666636	-0.855224496698
4136.05038641	-1.83051748843
4137.16410645	-1.14089599506
4138.2778265	-1.38362673364
4139.39154655	-2.20574193754
4140.5052666	-1.49039591512
4141.61898664	-1.8412780649
4142.73270669	-1.40207710204
4143.84642674	-0.54569090918
4144.96014679	0.267746948594
4146.07386683	0.85423567263
4147.18758688	-0.335463839784
4148.30130693	0.375404895382
4149.41502698	-1.65852059841
4150.52874703	-1.59055472709
4151.64246707	-2.08644624574
4152.75618712	-3.34310338881
4153.86990717	0.965861687684
4154.98362722	1.02909972991
4156.09734726	-2.27914041551
4157.21106731	-1.90747349077
4158.32478736	-1.94739108015
4159.43850741	-0.498642673135
4160.55222745	-0.60727268321
4161.6659475	-2.24712047202
4162.77966755	-0.809387330977
4163.8933876	-2.94744745947
4165.00710764	-1.01992862078
4166.12082769	2.48821617197
4167.23454774	0.372887999704
4168.34826779	-1.89371024332
4169.46198783	-0.723794556566
4170.57570788	-0.385922480538
4171.68942793	-2.65169961321
4172.80314798	-3.65622809774
4173.91686803	-3.32603820566
4175.03058807	-2.01985533307
4176.14430812	-3.07447895844
4177.25802817	0.132496270555
4178.37174822	-1.3005948228
4179.48546826	-0.953133818142
4180.59918831	-3.53846397958
4181.71290836	-2.33048811115
4182.82662841	-0.571719044404
4183.94034845	0.427047335121
4185.0540685	-1.08021845245
4186.16778855	-2.85070300606
4187.2815086	-0.538913681172
4188.39522864	0.140839467001
4189.50894869	-0.117165524504
4190.62266874	-3.21252783833
4191.73638879	-4.54454111402
4192.85010884	-2.67009364173
4193.96382888	0.0809303332143
4195.07754893	-3.79398011295
4196.19126898	-1.99634557974
4197.30498903	-3.10143117098
4198.41870907	-1.86007624063
4199.53242912	-3.48510391197
4200.64614917	-0.799775476981
4201.75986922	-2.54463683131
4202.87358926	-2.90732545505
4203.98730931	-0.646557266084
4205.10102936	-2.62415382905
4206.21474941	-1.77831800937
4207.32846945	-1.63186751875
4208.4421895	-0.14144610584
4209.55590955	0.292319701599
4210.6696296	-1.45162914064
4211.78334964	-0.419385195377
4212.89706969	-1.51205007485
4214.01078974	-1.36112803565
4215.12450979	-1.59999686959
4216.23822984	-0.50003486693
4217.35194988	0.187331929092
4218.46566993	-0.77837809353
4219.57938998	-0.401894054038
4220.69311003	-0.868835443585
4221.80683007	-0.657513694104
4222.92055012	0.245952467044
4224.03427017	0.193509941456
4225.14799022	-1.31152276594
4226.26171026	-0.301447929052
4227.37543031	-0.483201881716
4228.48915036	0.0749521701978
4229.60287041	0.630367273982
4230.71659045	-0.86209629269
4231.8303105	-1.97188649581
4232.94403055	-1.87115758857
4234.0577506	-1.65103904691
4235.17147065	-0.846312832047
4236.28519069	-4.01958994146
4237.39891074	-1.60739413154
4238.51263079	-2.47558985079
4239.62635084	-2.22212095068
4240.74007088	-0.289383813455
4241.85379093	0.849762582617
4242.96751098	-1.36681581237
4244.08123103	-1.45224079588
4245.19495107	-2.8973902256
4246.30867112	0.46811896986
4247.42239117	-0.370872616997
4248.53611122	-1.34567228178
4249.64983126	-1.37832455008
4250.76355131	-3.32159227657
4251.87727136	-0.305283335318
4252.99099141	-1.61720663039
4254.10471145	-0.194616632964
4255.2184315	-0.416417458934
4256.33215155	-0.610021918797
4257.4458716	-2.90815044263
4258.55959165	-1.53790846816
4259.67331169	-1.84173489673
4260.78703174	-0.934750329478
4261.90075179	-2.389620907
4263.01447184	-2.33808967997
4264.12819188	-1.3561042309
4265.24191193	-1.8480944044
4266.35563198	-2.07465297421
4267.46935203	-2.71472813048
4268.58307207	-1.06284787718
4269.69679212	-1.34752483196
4270.81051217	0.996050967474
4271.92423222	-0.91345712315
4273.03795226	0.139058743106
4274.15167231	-0.29666252401
4275.26539236	-1.27593084157
4276.37911241	-2.80488962093
4277.49283246	-1.75744163097
4278.6065525	-0.227908307843
4279.72027255	-0.998968127488
4280.8339926	-2.27349853516
4281.94771265	-1.37178554487
4283.06143269	-1.30578118852
4284.17515274	-4.43936367145
4285.28887279	-3.40080823604
4286.40259284	0.142692373239
4287.51631288	-2.23382241031
4288.63003293	-2.50203871146
4289.74375298	-2.50841786333
4290.85747303	-0.551857018291
4291.97119307	-1.6167216089
4293.08491312	-3.37416578188
4294.19863317	-0.534667712972
4295.31235322	-3.34382332151
4296.42607326	-1.9769410987
4297.53979331	-1.11012852412
4298.65351336	-1.00917961178
4299.76723341	-0.35859381355
4300.88095346	0.260924470423
4301.9946735	-0.773256824985
4303.10839355	-3.22396654076
4304.2221136	-2.00887207879
4305.33583365	-2.00614788803
4306.44955369	-0.506780788617
4307.56327374	-2.02454925749
4308.67699379	-2.2402870461
4309.79071384	-1.29632573317
4310.90443388	-0.0578790207483
4312.01815393	0.337076453334
4313.13187398	-3.76742140861
4314.24559403	-0.0117747462178
4315.35931407	-0.283710279734
4316.47303412	-1.98015388395
4317.58675417	-3.14125710058
4318.70047422	-1.57560515217
4319.81419426	-1.3034298071
4320.92791431	-3.56422405049
4322.04163436	-1.70632290618
4323.15535441	-0.995888572133
4324.26907446	-0.547280485812
4325.3827945	-0.830768144073
4326.49651455	-0.885689599777
4327.6102346	-0.619408764809
4328.72395465	-0.846305917028
4329.83767469	-1.77319858648
4330.95139474	-0.871826612444
4332.06511479	-1.25090047025
4333.17883484	-3.46207705616
4334.29255488	-3.07856765587
4335.40627493	1.00138255198
4336.51999498	-0.669870787015
4337.63371503	-1.00453883058
4338.74743507	-1.49243593589
4339.86115512	-0.582878955621
4340.97487517	0.586189186638
4342.08859522	-1.92971868125
4343.20231527	-1.43099366564
4344.31603531	-2.21378500052
4345.42975536	-2.11443316914
4346.54347541	-1.58025033343
4347.65719546	-3.31797562017
4348.7709155	-2.1167796119
4349.88463555	-1.16470937035
4350.9983556	0.50734166461
4352.11207565	1.26337267338
4353.22579569	0.107411477119
4354.33951574	-1.07266962347
4355.45323579	-1.76687467702
4356.56695584	-1.35151426952
4357.68067588	-1.2796019674
4358.79439593	-1.50821486915
4359.90811598	-2.78054170238
4361.02183603	-3.26815638939
4362.13555607	-1.85731180822
4363.24927612	-1.26089775233
4364.36299617	-0.81940147525
4365.47671622	-2.00991206971
4366.59043627	-1.86686798375
4367.70415631	-1.79076479922
4368.81787636	-2.49164915838
4369.93159641	-3.00222374259
4371.04531646	-3.48753652937
4372.1590365	-1.50873437559
4373.27275655	-1.47568005477
4374.3864766	-2.28121650661
4375.50019665	-2.90482217194
4376.61391669	-3.83395185852
4377.72763674	-1.44940823076
4378.84135679	-2.06132189799
4379.95507684	-0.619023656725
4381.06879688	-0.785698995054
4382.18251693	-0.371224609159
4383.29623698	-1.95879828583
4384.40995703	-2.7228514807
4385.52367708	-1.60224845817
4386.63739712	-4.26507004859
4387.75111717	-0.990759484896
4388.86483722	2.23497668892
4389.97855727	-1.45702632487
4391.09227731	-2.06274141496
4392.20599736	0.897472795682
4393.31971741	-1.9985653403
4394.43343746	-2.79201163113
4395.5471575	-1.66863180985
4396.66087755	-2.57811942472
4397.7745976	-1.61231420199
4398.88831765	-3.15114705845
4400.00203769	-0.166709795112
4401.11575774	-3.79949793423
4402.22947779	-1.76309930872
4403.34319784	-2.1133397116
4404.45691788	-3.2311183832
4405.57063793	-1.8316768071
4406.68435798	-2.19930753537
4407.79807803	-1.5116878696
4408.91179808	-3.58681621335
4410.02551812	-1.51958472224
4411.13923817	-1.57519945002
4412.25295822	0.94089172841
4413.36667827	-0.504148808633
4414.48039831	0.89040193007
4415.59411836	-1.01580537417
4416.70783841	-2.25003639258
4417.82155846	-1.47343266568
4418.9352785	-1.9556531116
4420.04899855	-2.47595134167
4421.1627186	-1.38424152131
4422.27643865	-2.3127574884
4423.39015869	-2.84925446336
4424.50387874	-3.30447876265
4425.61759879	-2.07168642201
4426.73131884	-2.0778344137
4427.84503889	-3.9368041893
4428.95875893	-2.52658232944
4430.07247898	-1.21119462333
4431.18619903	-2.28675088923
4432.29991908	-6.08403288042
4433.41363912	-2.71035147326
4434.52735917	-1.77581294033
4435.64107922	-2.61572114637
4436.75479927	-0.576041137533
4437.86851931	-4.27389885583
4438.98223936	-5.67327394543
4440.09595941	-4.14735577332
4441.20967946	-2.68755573706
4442.3233995	-0.915670047569
4443.43711955	-1.477124887
4444.5508396	-3.64779339701
4445.66455965	-0.930870260099
4446.77827969	-0.901698644185
4447.89199974	-1.65011756006
4449.00571979	-1.945652092
4450.11943984	-3.52656870673
4451.23315989	-2.77418164259
4452.34687993	-5.15168654938
4453.46059998	-3.02332693632
4454.57432003	-2.23346476061
4455.68804008	-0.385356363914
4456.80176012	-1.29141530679
4457.91548017	-0.0350208724731
4459.02920022	-2.17688326426
4460.14292027	-2.91164515153
4461.25664031	0.0177481508628
4462.37036036	-1.39549744504
4463.48408041	-3.38766730988
4464.59780046	-1.10890309643
4465.7115205	-0.298644068533
4466.82524055	-0.744903167828
4467.9389606	-2.9207722353
4469.05268065	-3.51896953907
4470.1664007	-3.82341773231
4471.28012074	-3.6210445088
4472.39384079	-2.17206561768
4473.50756084	-1.61313011678
4474.62128089	-0.664620850889
4475.73500093	-3.10777905596
4476.84872098	-0.09428280577
4477.96244103	-2.85013563984
4479.07616108	-2.7009859278
4480.18988112	-3.30505834536
4481.30360117	-1.36720724786
4482.41732122	-1.54058611972
4483.53104127	-2.5106270739
4484.64476131	-2.82991218708
4485.75848136	-2.53297485613
4486.87220141	-4.32013966847
4487.98592146	-3.09195004769
4489.0996415	-1.21350122671
4490.21336155	-2.48895838553
4491.3270816	-1.3426389321
4492.44080165	-1.95220901744
4493.5545217	-2.07426319227
4494.66824174	-2.42092554095
4495.78196179	-1.42816996374
4496.89568184	0.290270218168
4498.00940189	-1.94945584828
4499.12312193	-0.910330787471
4500.23684198	-1.5251147003
4501.35056203	-1.11469205361
4502.46428208	-0.0424078413311
4503.57800212	-1.50563237263
4504.69172217	0.316860329117
4505.80544222	-2.12033929742
4506.91916227	-0.239891042105
4508.03288231	-1.58671892983
4509.14660236	-3.62125340052
4510.26032241	-0.500177054686
4511.37404246	-2.33515413211
4512.4877625	-1.91807800212
4513.60148255	-1.88209028783
4514.7152026	-2.85808177087
4515.82892265	-2.60771798249
4516.9426427	-4.35542725312
4518.05636274	-5.32267585454
4519.17008279	-3.58004789813
4520.28380284	-3.34822254916
4521.39752289	-2.51423822599
4522.51124293	-2.77477747227
4523.62496298	-2.19990614819
4524.73868303	-3.16944789703
4525.85240308	-1.60447112582
4526.96612312	-2.41059801797
4528.07984317	-3.29408560727
4529.19356322	-1.99963473105
4530.30728327	-2.88036238603
4531.42100331	-5.59149569026
4532.53472336	-4.72376317813
4533.64844341	-3.49286121238
4534.76216346	-3.8545526818
4535.87588351	-2.72573179178
4536.98960355	-3.29597634273
4538.1033236	-4.09799382507
4539.21704365	-3.80790258612
4540.3307637	-3.26651978116
4541.44448374	-4.64432377013
4542.55820379	-2.44702872278
4543.67192384	-0.843634514562
4544.78564389	-1.63929420869
4545.89936393	-0.683770006929
4547.01308398	-2.70791746316
4548.12680403	-1.70290114809
4549.24052408	-3.45026256069
4550.35424412	-3.71368181721
4551.46796417	-4.62541715019
4552.58168422	-3.45973617515
4553.69540427	-1.99108146653
4554.80912431	-1.65657122782
4555.92284436	-1.90591346607
4557.03656441	-3.21071872308
4558.15028446	-0.988964880258
4559.26400451	-5.39061960049
4560.37772455	-3.54069099207
4561.4914446	-2.59258772242
4562.60516465	-2.07919559865
4563.7188847	-2.71703948096
4564.83260474	-2.70786876619
4565.94632479	-1.86552630441
4567.06004484	-1.18352196992
4568.17376489	0.0438773296482
4569.28748493	0.940495669199
4570.40120498	-3.87972414002
4571.51492503	-3.03693921167
4572.62864508	-2.51666586756
4573.74236512	-2.21593543286
4574.85608517	-1.91087248237
4575.96980522	-2.59548708164
4577.08352527	-2.2893280133
4578.19724532	-2.01678814069
4579.31096536	-2.19572491323
4580.42468541	-1.13787236719
4581.53840546	-0.336221370717
4582.65212551	-2.95206211751
4583.76584555	-4.81143728427
4584.8795656	-2.64454555103
4585.99328565	-2.08628159459
4587.1070057	-2.0505834649
4588.22072574	-3.71449500858
4589.33444579	-6.21736639899
4590.44816584	-4.96436076685
4591.56188589	-1.96030215431
4592.67560593	-1.29779097355
4593.78932598	-1.65534287615
4594.90304603	-0.409672771066
4596.01676608	-4.09943398794
4597.13048612	-3.76477492477
4598.24420617	-2.02743107057
4599.35792622	-2.35304860149
4600.47164627	-3.05382154851
4601.58536632	-2.29611315127
4602.69908636	-2.32618622561
4603.81280641	-3.28361962617
4604.92652646	-1.93571773693
4606.04024651	-3.60035816216
4607.15396655	-4.93554760064
4608.2676866	-3.38107633105
4609.38140665	-0.925889853096
4610.4951267	-4.44408743175
4611.60884674	-1.98917008855
4612.72256679	-2.39019974154
4613.83628684	-2.31835387183
4614.95000689	-3.62848352904
4616.06372693	-5.40461737718
4617.17744698	-5.16769161289
4618.29116703	-4.25931830428
4619.40488708	-0.813240915506
4620.51860713	0.922630716824
4621.63232717	-1.64867884397
4622.74604722	-3.22550809537
4623.85976727	-2.95606101547
4624.97348732	-4.22585984527
4626.08720736	-3.441963562
4627.20092741	-1.0752785271
4628.31464746	-2.31782150888
4629.42836751	-3.11961870668
4630.54208755	-3.70587519898
4631.6558076	-1.78798616832
4632.76952765	-2.68035392665
4633.8832477	-1.25207102174
4634.99696774	-2.51202714836
4636.11068779	-3.97525734057
4637.22440784	-4.87038030753
4638.33812789	-3.78427735637
4639.45184793	-3.42356306692
4640.56556798	-3.41451490924
4641.67928803	-2.98151279056
4642.79300808	-0.158159273165
4643.90672813	-4.55905670811
4645.02044817	-4.00465229008
4646.13416822	-3.22275677186
4647.24788827	-1.05283462419
4648.36160832	-3.68077149375
4649.47532836	-3.27015160282
4650.58904841	-4.44485663607
4651.70276846	-2.04099875267
4652.81648851	-2.84482336601
4653.93020855	-3.46319055001
4655.0439286	-2.07082469142
4656.15764865	-4.52717745827
4657.2713687	-1.71432613203
4658.38508874	-4.52649909005
4659.49880879	-3.55574943825
4660.61252884	-1.78889987705
4661.72624889	-2.88079660461
4662.83996894	-3.03473029068
4663.95368898	-1.71213854315
4665.06740903	-2.31674664652
4666.18112908	-4.36849236421
4667.29484913	-4.01618366413
4668.40856917	-0.508554747354
4669.52228922	-0.575970258869
4670.63600927	-3.02215839612
4671.74972932	-3.77122786914
4672.86344936	-1.98816478201
4673.97716941	-3.41087231561
4675.09088946	-1.38646517601
4676.20460951	-3.33499241058
4677.31832955	-4.42145166382
4678.4320496	-4.61172428787
4679.54576965	-5.07549569723
4680.6594897	-0.375541120244
4681.77320974	-0.887488497429
4682.88692979	-0.327533864461
4684.00064984	-2.20403321908
4685.11436989	-4.82994224944
4686.22808994	-2.43131831322
4687.34180998	-1.51625612028
4688.45553003	-3.96030063993
4689.56925008	-5.55250974336
4690.68297013	-5.02731783417
4691.79669017	-0.548140702017
4692.91041022	-2.43917624705
4694.02413027	-2.89342642443
4695.13785032	-5.29854330779
4696.25157036	-6.5983086483
4697.36529041	-2.95222908756
4698.47901046	-1.60616547338
4699.59273051	0.670618938671
4700.70645055	-1.69781481521
4701.8201706	-2.23175782359
4702.93389065	-2.11986344675
4704.0476107	-1.52774538449
4705.16133074	-3.76911570885
4706.27505079	-1.16776936488
4707.38877084	-4.75415723015
4708.50249089	-4.22484962825
4709.61621094	-5.5108957647
4710.72993098	-4.7518815883
4711.84365103	-1.45001614398
4712.95737108	-0.781325647176
4714.07109113	-4.18658559718
4715.18481117	-5.28875454334
4716.29853122	-2.71944779157
4717.41225127	-1.81777615168
4718.52597132	-1.86430190772
4719.63969136	-1.08950778396
4720.75341141	-4.85868928746
4721.86713146	-5.50135381358
4722.98085151	-2.83844102762
4724.09457155	-1.04665740845
4725.2082916	-2.48205602688
4726.32201165	-4.26280212402
4727.4357317	-3.0976456155
4728.54945175	-1.52139398284
4729.66317179	-0.47307739348
4730.77689184	-2.66578030252
4731.89061189	-3.75166461648
4733.00433194	-4.57419733
4734.11805198	-5.40920058693
4735.23177203	-1.50255273163
4736.34549208	-4.49356141525
4737.45921213	-5.39655944752
4738.57293217	-2.40785063368
4739.68665222	-1.57624620385
4740.80037227	-2.96965699315
4741.91409232	-3.36857421091
4743.02781236	-3.68932337233
4744.14153241	-2.64195621272
4745.25525246	-2.13999831696
4746.36897251	-1.38755088922
4747.48269255	-2.92136860471
4748.5964126	-2.85959881811
4749.71013265	-3.90992347178
4750.8238527	-6.14828353068
4751.93757275	-2.00593383005
4753.05129279	-1.08493935976
4754.16501284	-2.2082527306
4755.27873289	-4.71168553447
4756.39245294	-2.99457234664
4757.50617298	-1.73406354808
4758.61989303	-3.48738319894
4759.73361308	-6.21115031402
4760.84733313	-2.67190304318
4761.96105317	-3.68569867415
4763.07477322	-2.70843693129
4764.18849327	1.51192436618
4765.30221332	-1.59281553833
4766.41593336	-2.16583483393
4767.52965341	-1.71065505353
4768.64337346	-4.46977852712
4769.75709351	-1.49800973198
4770.87081356	-2.22227040613
4771.9845336	-4.10557094625
4773.09825365	-3.34748927995
4774.2119737	-3.78764562081
4775.32569375	-2.274753019
4776.43941379	-2.36331087743
4777.55313384	-3.51519645361
4778.66685389	-3.78586095321
4779.78057394	-4.19404555177
4780.89429398	-3.40717340801
4782.00801403	-4.74064754317
4783.12173408	-2.67938290338
4784.23545413	-2.49590802816
4785.34917417	-2.11339126156
4786.46289422	-1.7426734984
4787.57661427	-0.870082255217
4788.69033432	-3.44854501959
4789.80405436	-2.92741403733
4790.91777441	-2.99059791097
4792.03149446	-2.99930495551
4793.14521451	-4.03164582935
4794.25893456	-5.41216268273
4795.3726546	-4.53081387041
4796.48637465	-4.33687466593
4797.6000947	-0.251349671555
4798.71381475	-3.96100771387
4799.82753479	-3.7648712663
4800.94125484	-4.50872047119
4802.05497489	-1.24192741325
4803.16869494	-0.336517108629
4804.28241498	-2.02988285216
4805.39613503	-3.1386866042
4806.50985508	-3.59399719869
4807.62357513	-4.38262548237
4808.73729517	-4.18317082847
4809.85101522	-3.05639368997
4810.96473527	-2.31810898077
4812.07845532	-2.02886237473
4813.19217537	-4.71846536984
4814.30589541	-1.41840094264
4815.41961546	2.61479514453
4816.53333551	0.532036685113
4817.64705556	-0.296060048606
4818.7607756	-3.06692530348
4819.87449565	-2.25911021145
4820.9882157	-1.37532412363
4822.10193575	-1.51110422712
4823.21565579	-3.3270449432
4824.32937584	-6.11121277703
4825.44309589	-5.84549613866
4826.55681594	-3.39337731056
4827.67053598	-1.8719523414
4828.78425603	-0.892043012721
4829.89797608	0.281015177806
4831.01169613	-2.11553505495
4832.12541617	-1.54415521944
4833.23913622	-4.55306744748
4834.35285627	-4.6875370033
4835.46657632	-1.53205442506
4836.58029637	-1.8752982371
4837.69401641	-3.23593833967
4838.80773646	-3.98061719361
4839.92145651	-2.57339642499
4841.03517656	-2.96224784936
4842.1488966	-3.83350983139
4843.26261665	-1.51042399747
4844.3763367	-4.25808374182
4845.49005675	-2.54186522022
4846.60377679	-0.393865817161
4847.71749684	-2.25572869613
4848.83121689	-3.35948169659
4849.94493694	-1.6191338328
4851.05865698	-4.97584075319
4852.17237703	-5.1107063885
4853.28609708	-3.44211636173
4854.39981713	-4.68606845922
4855.51353718	-6.07948020627
4856.62725722	-2.3238271731
4857.74097727	-2.70840203056
4858.85469732	-2.19185712231
4859.96841737	-1.3002233656
4861.08213741	-1.76091015136
4862.19585746	-3.44114763933
4863.30957751	-1.41354541387
4864.42329756	-1.44063083039
4865.5370176	-2.46355972211
4866.65073765	-2.25612752495
4867.7644577	-3.21292328345
4868.87817775	-1.38714049067
4869.99189779	-1.4340903153
4871.10561784	-2.85149858706
4872.21933789	-2.07736497439
4873.33305794	-3.10616044571
4874.44677798	-3.03115101956
4875.56049803	-5.09045875064
4876.67421808	-5.13286990243
4877.78793813	-2.65681136614
4878.90165818	-1.67265521517
4880.01537822	-0.588841922948
4881.12909827	-0.309671625361
4882.24281832	-3.0435890938
4883.35653837	-2.87834155537
4884.47025841	-3.22416696026
4885.58397846	-3.45134616007
4886.69769851	-2.70605803853
4887.81141856	-3.00920373153
4888.9251386	-1.36843771337
4890.03885865	-2.56061062794
4891.1525787	-1.10212065258
4892.26629875	-5.42822106299
4893.38001879	-4.17120028253
4894.49373884	-5.43334661441
4895.60745889	-5.53956480059
4896.72117894	-3.91658886735
4897.83489898	-3.57868671544
4898.94861903	-1.55232363842
4900.06233908	-4.43928610988
4901.17605913	-1.57282125585
4902.28977918	-1.0409479261
4903.40349922	-2.64464758728
4904.51721927	-3.92039215489
4905.63093932	-0.880586143294
4906.74465937	-2.71814467836
4907.85837941	-2.27634736076
4908.97209946	-1.96613407656
4910.08581951	-2.60383841228
4911.19953956	-4.64450279893
4912.3132596	-3.42506782781
4913.42697965	-4.56325248749
4914.5406997	-4.58698799698
4915.65441975	-3.10940837508
4916.76813979	-3.58190945237
4917.88185984	-3.63822276721
4918.99557989	-1.93567095323
4920.10929994	-1.15029393417
4921.22301999	-2.15856169189
4922.33674003	-2.7586846465
4923.45046008	-0.223411725694
4924.56418013	-2.53147480516
4925.67790018	-3.95190606591
4926.79162022	-2.12869923436
4927.90534027	-2.55127815333
4929.01906032	-4.14630670284
4930.13278037	-4.16015528323
4931.24650041	-4.75535179209
4932.36022046	-1.48411803217
4933.47394051	-5.03582374709
4934.58766056	-6.10089602151
4935.7013806	-4.87802141826
4936.81510065	-3.34045220858
4937.9288207	-3.26002118662
4939.04254075	-3.05934817103
4940.15626079	-5.24141534578
4941.26998084	-3.55682165495
4942.38370089	-1.55567767394
4943.49742094	-1.72664663179
4944.61114099	-3.07429687834
4945.72486103	-3.58154016759
4946.83858108	-2.79544564065
4947.95230113	-4.1341561388
4949.06602118	-3.72269831477
4950.17974122	-2.04640796297
4951.29346127	-0.77373785093
4952.40718132	-1.92534905286
4953.52090137	-1.72200213674
4954.63462141	-2.70533856781
4955.74834146	-4.99477417461
4956.86206151	-1.53997475294
4957.97578156	-1.71625431699
4959.0895016	-6.26409435709
4960.20322165	-5.73554629403
4961.3169417	-3.55179075941
4962.43066175	-3.33895670077
4963.5443818	-0.452256240586
4964.65810184	-1.50166397647
4965.77182189	-0.215217012296
4966.88554194	-1.72677376583
4967.99926199	-3.69461273207
4969.11298203	-5.51717407245
4970.22670208	-3.82469634942
4971.34042213	-5.16996742376
4972.45414218	-4.56933293577
4973.56786222	-3.06289571216
4974.68158227	-4.14239746463
4975.79530232	-4.01952793277
4976.90902237	-3.26820493649
4978.02274241	-2.12728393942
4979.13646246	-0.859449876462
4980.25018251	-3.70256802378
4981.36390256	-2.12873646977
4982.4776226	-1.59805889859
4983.59134265	-0.86941210119
4984.7050627	-1.14765786399
4985.81878275	-2.63507702509
4986.9325028	-2.80688667664
4988.04622284	-5.84160240037
4989.15994289	-4.57492719861
4990.27366294	-5.78278962782
4991.38738299	-2.0033935335
4992.50110303	-2.39215279893
4993.61482308	-3.33075062047
4994.72854313	-1.58611166338
4995.84226318	-2.67562896409
4996.95598322	0.162053203005
4998.06970327	-2.1295207188
4999.18342332	-0.750793522384
5000.29714337	-1.28980082843
5001.41086341	-1.36885209845
5002.52458346	-2.52650283996
5003.63830351	-4.44543330607
5004.75202356	-1.64286888933
5005.86574361	-3.62840534887
5006.97946365	-3.7155709211
5008.0931837	-2.93804296816
5009.20690375	-3.57860186927
5010.3206238	-2.00393972198
5011.43434384	-3.54810036347
5012.54806389	-2.81857540484
5013.66178394	-3.04742405725
5014.77550399	-3.22394540246
5015.88922403	-1.75943410522
5017.00294408	-2.5466130721
5018.11666413	-2.19877117463
5019.23038418	-1.1805404102
5020.34410422	-2.65442833586
5021.45782427	-1.95935515163
5022.57154432	-3.15315330639
5023.68526437	-2.65283743301
5024.79898441	-1.82510526288
5025.91270446	-4.48484736668
5027.02642451	-1.96159710966
5028.14014456	-2.09424428696
5029.25386461	-1.67035302199
5030.36758465	-0.368630763752
5031.4813047	-2.68466663149
5032.59502475	-5.02081743904
5033.7087448	-4.15499426769
5034.82246484	-1.3276958429
5035.93618489	-3.3309450951
5037.04990494	-5.49200500975
5038.16362499	-3.898928161
5039.27734503	-2.57117638499
5040.39106508	-2.4772058796
5041.50478513	-3.79842173326
5042.61850518	-1.32973414984
5043.73222522	-2.16455808275
5044.84594527	-4.6890142889
5045.95966532	-3.72863251891
5047.07338537	-4.86427052478
5048.18710542	-4.29007589002
5049.30082546	-5.5791277172
5050.41454551	-2.94245223086
5051.52826556	-4.56012199964
5052.64198561	-4.92088028065
5053.75570565	-2.98207589869
5054.8694257	-1.32581083145
5055.98314575	-2.19475128034
5057.0968658	-2.60843263513
5058.21058584	-3.56749478015
5059.32430589	-2.37525642022
5060.43802594	-2.50368285556
5061.55174599	-6.33673413454
5062.66546603	-5.22675319317
5063.77918608	-3.61583171231
5064.89290613	-4.41072198577
5066.00662618	-3.33031512638
5067.12034622	-1.64728984345
5068.23406627	-1.83452988291
5069.34778632	-3.28989394964
5070.46150637	-3.61921025294
5071.57522642	-2.28600492577
5072.68894646	-2.85126393839
5073.80266651	-3.72778358172
5074.91638656	-4.15682237699
5076.03010661	-3.10610639431
5077.14382665	-2.26832494706
5078.2575467	-0.696475816467
5079.37126675	-2.52537406366
5080.4849868	-3.34186670576
5081.59870684	-4.17943770747
5082.71242689	-4.22250341647
5083.82614694	-4.36671107017
5084.93986699	-4.47736990876
5086.05358703	-4.96366081638
5087.16730708	-0.631013923479
5088.28102713	-0.48741952617
5089.39474718	-4.43302544969
5090.50846722	-3.99410859078
5091.62218727	-1.78768958758
5092.73590732	-1.68394015674
5093.84962737	-3.95925979716
5094.96334742	-4.72719222984
5096.07706746	-3.80806232002
5097.19078751	-1.43694492352
5098.30450756	-3.03606059748
5099.41822761	-2.66544276801
5100.53194765	-3.32672416159
5101.6456677	-4.09182181729
5102.75938775	-3.68533080009
5103.8731078	-0.0103171476321
5104.98682784	-1.58126778322
5106.10054789	-4.57675561439
5107.21426794	-1.98476371264
5108.32798799	-2.61612167212
5109.44170803	-1.1112578593
5110.55542808	-4.07756906492
5111.66914813	-2.83154610344
5112.78286818	-3.04346311809
5113.89658823	-3.54326168675
5115.01030827	-2.3537458477
5116.12402832	-2.99174435286
5117.23774837	-3.76515223444
5118.35146842	-4.7497432733
5119.46518846	-3.80282230177
5120.57890851	-3.61870556585
5121.69262856	-2.10759634712
5122.80634861	-3.09836720005
5123.92006865	-0.43280013522
5125.0337887	-3.2259753262
5126.14750875	-2.44025808866
5127.2612288	-3.50946339461
5128.37494884	-3.61751117743
5129.48866889	-3.6984848836
5130.60238894	-2.71278521293
5131.71610899	-5.07726596466
5132.82982903	-4.76828373639
5133.94354908	-4.8074927104
5135.05726913	-4.62240177144
5136.17098918	-2.845859909
5137.28470923	-1.67614095043
5138.39842927	-1.29648114701
5139.51214932	-1.40662678234
5140.62586937	-1.0432457857
5141.73958942	-2.642371515
5142.85330946	-1.49121391219
5143.96702951	-1.95375452026
5145.08074956	-1.82880455358
5146.19446961	-2.08262535121
5147.30818965	-4.25389762341
5148.4219097	-5.23902421398
5149.53562975	-3.37845552867
5150.6493498	-2.52641158019
5151.76306984	-1.52069097205
5152.87678989	-3.88222760003
5153.99050994	-4.28047590773
5155.10422999	-3.17231450991
5156.21795004	-3.31723456269
5157.33167008	-5.41887772853
5158.44539013	-4.33320303306
5159.55911018	-4.20436956597
5160.67283023	-2.78109135231
5161.78655027	-2.90931133089
5162.90027032	-2.13016244204
5164.01399037	-3.93660401319
5165.12771042	-2.98618624823
5166.24143046	-1.50919956922
5167.35515051	-2.73808769707
5168.46887056	-2.85909147633
5169.58259061	-1.67062940416
5170.69631065	4.50150082168
5171.8100307	6.42167027848
5172.92375075	1.21751253947
5174.0374708	-0.834099862692
5175.15119084	-3.0277074009
5176.26491089	-3.5837170183
5177.37863094	0.292533560141
5178.49235099	-2.69730215054
5179.60607104	-0.362031678896
5180.71979108	-1.95593991193
5181.83351113	-2.34659114326
5182.94723118	-3.72824006988
5184.06095123	-2.34698045984
5185.17467127	-3.0965596589
5186.28839132	-1.84580576971
5187.40211137	-3.25887284049
5188.51583142	-5.00482506527
5189.62955146	-3.77342077866
5190.74327151	-3.6852582876
5191.85699156	-2.78660172449
5192.97071161	-4.62886460439
5194.08443165	-3.7764292683
5195.1981517	-3.14475365513
5196.31187175	-2.07192323409
5197.4255918	-3.84107013207
5198.53931185	-4.70645557156
5199.65303189	-4.71352450813
5200.76675194	-4.61521347557
5201.88047199	-2.89259732525
5202.99419204	-2.94924650473
5204.10791208	-3.61107255211
5205.22163213	-4.73406431429
5206.33535218	-3.67526260441
5207.44907223	-4.75349688132
5208.56279227	-3.67793615113
5209.67651232	-2.30001117581
5210.79023237	-3.12464963603
5211.90395242	-1.38143388159
5213.01767246	-2.56918932152
5214.13139251	-5.008569596
5215.24511256	-1.42577020084
5216.35883261	-4.58223141935
5217.47255265	-1.83452690146
5218.5862727	-3.79210823858
5219.69999275	-4.1749570568
5220.8137128	-4.50106419856
5221.92743285	-3.72091880554
5223.04115289	-5.17163828933
5224.15487294	-4.33936939118
5225.26859299	-4.79254526283
5226.38231304	-3.43214713747
5227.49603308	-3.33484772589
5228.60975313	-3.13878595648
5229.72347318	-1.85979020763
5230.83719323	-3.29738757227
5231.95091327	-5.24277644509
5233.06463332	-2.34342321267
5234.17835337	-4.78441223812
5235.29207342	-4.39071728514
5236.40579346	-2.50251020263
5237.51951351	-2.93075442536
5238.63323356	-2.99678672798
5239.74695361	-2.66143404006
5240.86067366	-2.10164097313
5241.9743937	-1.88795504093
5243.08811375	-1.75004923331
5244.2018338	-2.92783883156
5245.31555385	-2.98512624353
5246.42927389	-4.29848689917
5247.54299394	-5.50238065955
5248.65671399	-3.91112233574
5249.77043404	0.200906032686
5250.88415408	-2.57186061243
5251.99787413	-3.70855989176
5253.11159418	-1.73989364496
5254.22531423	-1.85446725647
5255.33903427	-0.939665693385
5256.45275432	-5.68418079535
5257.56647437	-4.1437058534
5258.68019442	-2.72620053475
5259.79391446	-2.76866824165
5260.90763451	-4.50734311477
5262.02135456	-1.15811252777
5263.13507461	-1.33153664078
5264.24879466	-1.49347688458
5265.3625147	-1.39403609091
5266.47623475	-2.48347277311
5267.5899548	-1.62119378059
5268.70367485	-2.80437777205
5269.81739489	-2.40111637637
5270.93111494	-2.25047416276
5272.04483499	-2.72853213226
5273.15855504	-2.88353264679
5274.27227508	-1.34359557096
5275.38599513	-3.90804819342
5276.49971518	-2.85023354984
5277.61343523	-0.708655987651
5278.72715527	-4.71267869888
5279.84087532	-2.81833978939
5280.95459537	-1.63101938834
5282.06831542	-3.43304672996
5283.18203546	-2.90824619936
5284.29575551	-3.97995077146
5285.40947556	-5.07744466669
5286.52319561	-0.511755253008
5287.63691566	-1.22778051689
5288.7506357	-2.25546985559
5289.86435575	-1.80138282398
5290.9780758	-0.887478895051
5292.09179585	-1.89852863132
5293.20551589	-2.93202798551
5294.31923594	-4.4988436763
5295.43295599	-3.51171720632
5296.54667604	-3.90416405075
5297.66039608	-4.2679412328
5298.77411613	-2.12901170489
5299.88783618	-2.25038619993
5301.00155623	-2.99434133295
5302.11527627	-4.09025163359
5303.22899632	-1.42113888456
5304.34271637	-2.06126622628
5305.45643642	-0.384926530745
5306.57015647	-2.25917641174
5307.68387651	-4.35591605269
5308.79759656	-4.69109573556
5309.91131661	-3.61055200453
5311.02503666	-2.4580181608
5312.1387567	-4.11303974152
5313.25247675	-3.58589744314
5314.3661968	-2.59853066808
5315.47991685	-3.92728407058
5316.59363689	-2.48726891014
5317.70735694	-2.80853447487
5318.82107699	-2.17340472572
5319.93479704	-3.36414371074
5321.04851708	-1.34753306193
5322.16223713	-4.56128339834
5323.27595718	-2.5661136648
5324.38967723	-3.04341208419
5325.50339727	-1.59788329745
5326.61711732	-2.70431750445
5327.73083737	-2.09855342218
5328.84455742	-4.07423461725
5329.95827747	-3.05619773927
5331.07199751	-0.0928375262169
5332.18571756	-3.31137286654
5333.29943761	-5.46006504702
5334.41315766	-3.78669832517
5335.5268777	-3.2536761535
5336.64059775	-0.812985013602
5337.7543178	-2.61715291927
5338.86803785	-3.0946316993
5339.98175789	-1.60380153518
5341.09547794	-0.658801911342
5342.20919799	-2.18220372863
5343.32291804	-7.14016586392
5344.43663808	-5.73328820509
5345.55035813	-4.66294011251
5346.66407818	-3.69519764781
5347.77779823	-2.50091592622
5348.89151828	-2.48814810123
5350.00523832	-1.37015052427
5351.11895837	-3.39417491412
5352.23267842	-3.66019312484
5353.34639847	-2.88314806941
5354.46011851	-4.05560263072
5355.57383856	-2.55719962266
5356.68755861	-2.41081321625
5357.80127866	-3.96645576411
5358.9149987	-2.19407942038
5360.02871875	-1.96460903372
5361.1424388	-2.22529303005
5362.25615885	-3.26097797421
5363.36987889	-5.12403321115
5364.48359894	-3.0267912651
5365.59731899	-2.49989930912
5366.71103904	-2.21664312653
5367.82475908	-2.10705393108
5368.93847913	-3.06493100386
5370.05219918	-4.41502089212
5371.16591923	-0.467540553359
5372.27963928	-1.95934320556
5373.39335932	-3.7004856757
5374.50707937	-0.897200661455
5375.62079942	-3.58992805532
5376.73451947	-2.93784509968
5377.84823951	-1.72407048126
5378.96195956	-4.20436728763
5380.07567961	-3.39366356553
5381.18939966	-2.97048371484
5382.3031197	-2.62942346458
5383.41683975	-0.85857421893
5384.5305598	-2.13471891792
5385.64427985	-3.87965120161
5386.75799989	-3.42724402724
5387.87171994	-2.72385027109
5388.98543999	-1.47530713276
5390.09916004	-3.05199427528
5391.21288009	-2.95263740158
5392.32660013	-2.16970457641
5393.44032018	-3.2897023573
5394.55404023	-2.28749036247
5395.66776028	-3.17219169818
5396.78148032	-2.28545294116
5397.89520037	-6.13159896542
5399.00892042	-7.7562318463
5400.12264047	-2.92721833452
5401.23636051	-0.809688835724
5402.35008056	-2.73613272641
5403.46380061	-2.75986579531
5404.57752066	-4.64162055542
5405.6912407	-3.92098690062
5406.80496075	-1.87794883817
5407.9186808	-8.13155727023
5409.03240085	-6.84780006257
5410.14612089	-3.28565983511
5411.25984094	-9.45942617452
5412.37356099	-9.51379466194
5413.48728104	-3.27874127119
5414.60100109	-2.58111568885
5415.71472113	-4.34153530542
5416.82844118	-4.52304103966
5417.94216123	-6.859638422
5419.05588128	-8.64937292169
5420.16960132	-5.53227500707
5421.28332137	-6.07648903516
5422.39704142	-3.89170126633
5423.51076147	5.25141747638
5424.62448151	-0.522541691221
5425.73820156	-5.26102061139
5426.85192161	-3.987373716
5427.96564166	3.31281762665
5429.0793617	6.84325628544
5430.19308175	-3.91502507246
5431.3068018	-1.0026613798
5432.42052185	-2.80912136472
5433.53424189	1.04098561898
5434.64796194	9.978905203
5435.76168199	5.97783634635
5436.87540204	-2.42595287363
5437.98912209	-5.23762759647
5439.10284213	-4.68022450977
5440.21656218	-3.45626346091
5441.33028223	-4.78559831544
5442.44400228	-1.92945871957
5443.55772232	-1.18762469119
5444.67144237	-2.25169028667
5445.78516242	-1.91918741366
5446.89888247	-2.90918515912
5448.01260251	-2.88103589334
5449.12632256	-2.24148950561
5450.24004261	-2.87524408203
5451.35376266	-4.69732303194
5452.4674827	-1.48869394492
5453.58120275	-2.75729151297
5454.6949228	-2.51816437259
5455.80864285	-3.27594606656
5456.9223629	-3.27401171814
5458.03608294	-2.87310372757
5459.14980299	-1.56252441947
5460.26352304	-3.28907819147
5461.37724309	-0.882787228687
5462.49096313	-2.6565854004
5463.60468318	-3.68481027955
5464.71840323	-2.74290938202
5465.83212328	-2.54396601136
5466.94584332	-2.8687485095
5468.05956337	-3.83684910842
5469.17328342	-2.84849356337
5470.28700347	-1.02957748483
5471.40072351	-4.56105661906
5472.51444356	-4.89598995283
5473.62816361	-5.23842410481
5474.74188366	-1.2326520053
5475.8556037	-3.00849046483
5476.96932375	-2.5009248007
5478.0830438	-0.332725138418
5479.19676385	-1.71784234431
5480.3104839	-3.37502774571
5481.42420394	-2.97817982572
5482.53792399	-5.56490289533
5483.65164404	-5.02823267644
5484.76536409	-3.93860778223
5485.87908413	-1.9525705162
5486.99280418	-1.40083718627
5488.10652423	-2.09252821066
5489.22024428	-1.39939618283
5490.33396432	-3.43143572319
5491.44768437	-2.17331409018
5492.56140442	-1.90664013463
5493.67512447	-3.67753202872
5494.78884451	-3.90560831958
5495.90256456	-2.63660964436
5497.01628461	-3.56554184895
5498.13000466	-3.41590671993
5499.24372471	-3.48835467518
5500.35744475	-2.90112630326
5501.4711648	-2.53240702005
5502.58488485	-3.61904634772
5503.6986049	-3.40975977388
5504.81232494	-2.00856913853
5505.92604499	-4.1487188197
5507.03976504	-2.65622593884
5508.15348509	-1.82638831949
5509.26720513	-1.92967135331
5510.38092518	-1.1852221339
5511.49464523	-3.70650244315
5512.60836528	-2.85696082114
5513.72208532	-2.96065175208
5514.83580537	-3.61519534802
5515.94952542	-2.5480822607
5517.06324547	-2.29320019863
5518.17696551	-3.7810511625
5519.29068556	-4.65638233974
5520.40440561	-0.975288369704
5521.51812566	-2.12617140446
5522.63184571	-2.14313538968
5523.74556575	-2.73285389637
5524.8592858	-3.25076380482
5525.97300585	-1.9421361141
5527.0867259	-2.61667887144
5528.20044594	-4.00684697764
5529.31416599	-2.98628656277
5530.42788604	-0.0452593734532
5531.54160609	-4.04697848078
5532.65532613	-2.11573868801
5533.76904618	-1.71440711111
5534.88276623	-2.6553507816
5535.99648628	-0.088255294509
5537.11020632	-2.69212300745
5538.22392637	-3.54896182589
5539.33764642	-3.7184907989
5540.45136647	-5.25480466839
5541.56508652	-3.16340082608
5542.67880656	-2.51532376342
5543.79252661	-3.05198220526
5544.90624666	-4.25044225699
5546.01996671	-2.07471079693
5547.13368675	-3.13140723787
5548.2474068	-3.47689157468
5549.36112685	0.00947227810434
5550.4748469	0.202561785949
5551.58856694	-1.80555754845
5552.70228699	-1.00062623458
5553.81600704	-1.64808734561
5554.92972709	-2.7952667989
5556.04344713	-4.27022472151
5557.15716718	-3.36008620019
5558.27088723	-1.67094558177
5559.38460728	-1.44788001042
5560.49832732	-2.73942178533
5561.61204737	-2.97132208963
5562.72576742	-2.38895524994
5563.83948747	-1.76959526435
5564.95320752	-2.32656715674
5566.06692756	-2.83615166165
5567.18064761	-1.3390105471
5568.29436766	-0.672869611184
5569.40808771	-2.91629734132
5570.52180775	-6.65500949267
5571.6355278	-20.1194541615
5572.74924785	-89.8735782081
5573.8629679	-135.354681269
5574.97668794	-18.8547954252
5576.09040799	-13.3868605254
5577.20412804	-30.7628148769
5578.31784809	-27.4955366003
5579.43156813	-151.025163251
5580.54528818	-107.166471708
5581.65900823	-25.499287148
5582.77272828	-7.68070499599
5583.88644833	-6.12638731261
5585.00016837	-4.48697267644
5586.11388842	-4.86902438462
5587.22760847	-2.71584593086
5588.34132852	-1.37316456666
5589.45504856	-1.70407448609
5590.56876861	-2.54617456953
5591.68248866	-4.29087306766
5592.79620871	-3.62119928151
5593.90992875	-3.64746869647
5595.0236488	-4.54771708414
5596.13736885	-4.92457469466
5597.2510889	-3.32885229956
5598.36480894	-3.82024774423
5599.47852899	-2.34454801146
5600.59224904	-2.59759700642
5601.70596909	-0.617144015494
5602.81968913	-3.2540787435
5603.93340918	-2.27042277253
5605.04712923	-2.62670223499
5606.16084928	-3.40318580034
5607.27456933	-1.1729196107
5608.38828937	-3.53034228346
5609.50200942	-4.72683182405
5610.61572947	0.195643825979
5611.72944952	-2.83891217512
5612.84316956	-3.26611708524
5613.95688961	-0.883137872099
5615.07060966	-1.51196101116
5616.18432971	-1.66023246958
5617.29804975	-3.10065783928
5618.4117698	-2.55754481473
5619.52548985	-4.19654754247
5620.6392099	-5.49670348634
5621.75292994	-2.91568560833
5622.86664999	-2.56797717512
5623.98037004	-2.12826921415
5625.09409009	-2.48767828107
5626.20781013	-2.51153430367
5627.32153018	-4.39293217578
5628.43525023	-2.14835532203
5629.54897028	-2.43200940048
5630.66269033	-2.24523892203
5631.77641037	-3.49029857414
5632.89013042	-3.21565125341
5634.00385047	-1.74103119207
5635.11757052	-5.36913236123
5636.23129056	-2.63133311634
5637.34501061	-2.73771918075
5638.45873066	-2.52459877926
5639.57245071	-2.18403417711
5640.68617075	-3.34932736346
5641.7998908	-2.27914118397
5642.91361085	-3.46906891793
5644.0273309	-3.14341542936
5645.14105094	-3.83392525762
5646.25477099	-2.60566826582
5647.36849104	-4.19809138442
5648.48221109	-3.78451828569
5649.59593114	-4.43967495998
5650.70965118	-4.73253725903
5651.82337123	-4.03262927194
5652.93709128	-3.41317346539
5654.05081133	-4.38027313868
5655.16453137	-5.00411637103
5656.27825142	-3.21237932148
5657.39197147	-3.74310696655
5658.50569152	-2.04767520641
5659.61941156	-2.21905019544
5660.73313161	-2.01794453425
5661.84685166	-2.27760307505
5662.96057171	-1.35495693943
5664.07429175	-2.90842250812
5665.1880118	-4.26259857885
5666.30173185	-2.84440779105
5667.4154519	-3.69100199012
5668.52917194	-3.63930386741
5669.64289199	-4.50758558777
5670.75661204	-5.00651501842
5671.87033209	-2.53723365154
5672.98405214	-5.02453708832
5674.09777218	-3.73689292555
5675.21149223	-1.69324031318
5676.32521228	-1.92286113107
5677.43893233	-1.83655593279
5678.55265237	-2.04561183548
5679.66637242	-3.77179945964
5680.78009247	-3.86363993859
5681.89381252	-2.13010623173
5683.00753256	-4.42760461557
5684.12125261	-4.68236665581
5685.23497266	-3.73251653989
5686.34869271	-1.35787608933
5687.46241275	-2.42104581744
5688.5761328	-2.98138656244
5689.68985285	-0.485043445836
5690.8035729	-3.58324206004
5691.91729295	-5.35749228718
5693.03101299	-6.27610856331
5694.14473304	-6.03928585838
5695.25845309	-3.59048435322
5696.37217314	-1.7902403068
5697.48589318	-0.967987033504
5698.59961323	-3.53650344941
5699.71333328	-2.4525014201
5700.82705333	-2.02033194543
5701.94077337	-2.11158766413
5703.05449342	-1.55825161149
5704.16821347	-3.14186468027
5705.28193352	-5.31689896398
5706.39565356	-2.75749725085
5707.50937361	-2.45915743414
5708.62309366	-1.98318258118
5709.73681371	-0.982610213213
5710.85053375	-1.73439821382
5711.9642538	-1.44382359735
5713.07797385	-3.67195215255
5714.1916939	-4.92408182068
5715.30541395	-0.7924156927
5716.41913399	-0.359812416366
5717.53285404	0.868821285655
5718.64657409	-0.284614875105
5719.76029414	-2.93276685028
5720.87401418	-2.46737622447
5721.98773423	-2.49275148477
5723.10145428	-4.06687978852
5724.21517433	-4.7517242995
5725.32889437	-5.32572112663
5726.44261442	-3.35717648816
5727.55633447	-1.15681192051
5728.67005452	-1.07331831468
5729.78377456	-2.28597306283
5730.89749461	-4.21598659747
5732.01121466	-5.73359180338
5733.12493471	-3.1596527663
5734.23865476	-3.91819416137
5735.3523748	-1.13711434949
5736.46609485	-2.87921186522
5737.5798149	-1.89816380857
5738.69353495	-2.6207045844
5739.80725499	-3.06480555998
5740.92097504	-3.06918431864
5742.03469509	-2.88590524088
5743.14841514	-1.80774678918
5744.26213518	-2.50895792553
5745.37585523	-3.30928758659
5746.48957528	-1.80328579397
5747.60329533	-2.79944760795
5748.71701537	0.403907497565
5749.83073542	-1.72611057302
5750.94445547	-2.549156607
5752.05817552	-4.38278978647
5753.17189556	-0.872254571786
5754.28561561	-2.09831842421
5755.39933566	-1.56114155312
5756.51305571	-1.98829102139
5757.62677576	-2.65121674499
5758.7404958	-3.31051652193
5759.85421585	-1.58356266137
5760.9679359	-0.902793614978
5762.08165595	-2.39464384188
5763.19537599	-4.24770500917
5764.30909604	-3.12946298284
5765.42281609	-5.05122503715
5766.53653614	-3.10050457532
5767.65025618	-3.2456678042
5768.76397623	-1.08913557633
5769.87769628	-1.71702828307
5770.99141633	-3.142819487
5772.10513637	-3.03154116546
5773.21885642	-2.96399191475
5774.33257647	-1.78890895886
5775.44629652	-2.68939372367
5776.56001657	-2.10990698435
5777.67373661	-1.73472324789
5778.78745666	-0.466978143825
5779.90117671	-1.41814623061
5781.01489676	-2.14479218408
5782.1286168	-2.58127892928
5783.24233685	-3.91190975551
5784.3560569	-2.96412317955
5785.46977695	-3.5756900389
5786.58349699	-1.18274064149
5787.69721704	-2.00050120311
5788.81093709	0.631237074537
5789.92465714	-0.444109597669
5791.03837718	-2.9956333001
5792.15209723	-3.39883280653
5793.26581728	-2.7341054844
5794.37953733	-1.46737584587
