,tile,dither,fiber,fiber_ra,fiber_dec,objID,ra,dec,u,Err_u,g,Err_g,r,Err_r,i,Err_i,z,Err_z,Photoz,Photoz_err,specObjID,Spec_ra,Spec_dec,Specz,Specz_err
0,NE,D1,14.0,203.86241301599998,41.0267501389,1.2376623067224476e+18,203.86251808580897,41.0267223674947,24.30209,0.7771494999999999,21.8421,0.06222472,20.46995,0.02916525,19.91439,0.02789407,19.69565,0.1004603,0.24274099999999998,0.035799,,,,,
1,NE,D1,111.0,203.85053847400002,41.0146945833,1.2376623067224486e+18,203.850738999096,41.0150458671643,22.530829999999998,0.27301529999999996,21.15081,0.03865311,20.096989999999998,0.02368428,19.59985,0.02370049,19.33884,0.0830062,0.20919000000000001,0.024916,,,,,
2,NE,D1,154.0,203.84928867099998,41.0095279167,1.237662306722448e+18,203.849391399459,41.0092206567545,23.19738,0.5872991999999999,20.54949,0.02950015,19.28464,0.01586207,18.86443,0.01656304,18.40397,0.04692092,0.183703,0.013588,,,,,
3,NE,D1,242.0,203.85195573099998,40.9991668056,1.2376623067224486e+18,203.852381397883,40.9993557797082,23.04866,0.4032329,21.79652,0.06425571,20.16403,0.02472616,19.56542,0.02287324,19.29809,0.07808867,0.35328899999999996,0.025769,,,,,
4,NE,D2,6.0,203.839996373,41.0261390278,1.2376623067224476e+18,203.840739962648,41.0261547815773,23.11905,0.5165455,21.54791,0.06134805,20.37656,0.03345444,20.04733,0.0387423,20.01882,0.1740776,0.22756300000000002,0.071251,,,,,
5,NE,D2,14.0,203.86107970400002,41.0261945833,1.237662306722448e+18,203.86097002405202,41.025852653964705,22.94383,0.3621446,21.33969,0.04155665,20.94947,0.04250396,20.792370000000002,0.05731483,21.32602,0.4113278,0.044197,0.042328,,,,,
6,NE,D2,63.0,203.83724663200002,41.0193056944,1.237662306722448e+18,203.83749173722998,41.019027761187296,21.19069,0.1941375,19.13342,0.01606839,17.89726,0.009110067,17.46273,0.009395971,17.16974,0.02932981,0.19939400000000002,0.015744,,,,,
7,NE,D3,22.0,203.845246459,41.02386125,1.237662306722448e+18,203.845332755196,41.0235019062943,23.85611,0.7696961999999999,20.995160000000002,0.03828963,19.75828,0.0197382,19.172929999999997,0.01866959,18.94497,0.06531595,0.218227,0.040056,,,,,
8,NE,D3,25.0,203.853163126,41.02386125,1.237662306722448e+18,203.852790575995,41.0239487162925,22.4583,0.28705990000000003,20.85887,0.034299500000000004,19.543429999999997,0.01747972,19.11609,0.01816081,18.71994,0.05456066,0.23299099999999998,0.033613,,,,,
9,NE,D3,73.0,203.82674672,41.0170001389,1.2376623067224486e+18,203.826864239874,41.016833602587496,21.35369,0.1934406,20.01688,0.03012479,19.62733,0.03227403,19.332060000000002,0.03924408,19.18431,0.1473496,0.062698,0.015323,,,,,
10,NE,D3,106.0,203.83737185,41.0135834722,1.2376623067224476e+18,203.837323678464,41.01394350914279,23.55438,0.7360366,20.20648,0.03009711,18.82695,0.01340182,18.32364,0.03270292,17.99351,0.03327828,0.22175300000000003,0.017103999999999998,,,,,
11,NE,D3,147.0,203.83070538299998,41.0083334722,1.2376623067224476e+18,203.83058890326998,41.0088414911176,23.72295,0.8943161000000001,20.78741,0.03733851,19.48155,0.01913801,18.99945,0.01934857,18.74661,0.0660172,0.201506,0.017988,,,,,
12,NE,D3,185.0,203.85458051,41.0049723611,1.2376623067224486e+18,203.85412516345502,41.005018892909796,22.76795,0.3436307,21.28513,0.04397428,20.50911,0.0333231,20.1051,0.03626836,19.80493,0.1254223,0.070076,0.024592,,,,,
13,NE,D3,206.0,203.83337231,41.0014723611,1.2376623067224476e+18,203.833732493514,41.001144840024,20.04226,0.10798110000000001,17.93587,0.00915489,16.39163,0.004500995,15.86946,0.004327438,15.52125,0.01125991,0.262651,0.012891999999999999,5.300949062856999e+18,203.83372,41.001146000000006,0.2283087,3.139327e-05
14,NE,D3,210.0,203.84387231099998,41.0014445833,1.2376623067224476e+18,203.843869106785,41.0013897942984,24.05069,0.9940875,21.07509,0.04448472,19.58604,0.0195372,19.08265,0.01940741,18.78417,0.06387792,0.265788,0.022401,,,,,
15,NW,D1,67.0,203.81357994299998,41.0199168056,1.2376623067224486e+18,203.81388657858997,41.019410523572,29.05139,0.983466,19.900879999999997,0.32768909999999996,18.90628,0.208348,20.690910000000002,1.7766119999999999,17.04205,0.30513640000000003,0.041347,0.040155,,,,,
16,NW,D1,127.0,203.81887187200002,41.0130001389,1.237662306722448e+18,203.81827041195302,41.0131479015817,21.36386,0.2907842,18.86281,0.01577607,17.43057,0.007754348,16.9326,0.007658666,16.57532,0.02227705,0.23105,0.011054000000000001,1.6484516558945915e+18,203.81826,41.013161,0.2380925,5.570007e-05
17,NW,D1,158.0,203.82412200299999,41.0095556944,1.237662306722448e+18,203.82351780342097,41.009282871406,22.9692,0.3701824,21.37566,0.04450426,19.96389,0.02083866,19.452070000000003,0.02035552,19.192439999999998,0.06818418,0.283029,0.042980000000000004,,,,,
18,NW,D1,167.0,203.80970540200002,41.0078334722,1.2376623067224486e+18,203.810004053634,41.0082590214614,22.60904,0.3041517,21.126179999999998,0.03927963,19.694370000000003,0.01831149,19.2057,0.01812852,18.9237,0.05962044,0.293506,0.044427999999999995,,,,,
19,NW,D2,27.0,203.821538103,41.0244723611,1.2376623067224486e+18,203.82173692763303,41.024238613487206,22.2133,0.2587349,21.447570000000002,0.05904744,20.20768,0.03099903,19.80163,0.03418547,19.53151,0.1226818,0.37578,0.06377200000000001,,,,,
20,NW,D2,63.0,203.801621631,41.019333472199996,1.2376623067224476e+18,203.80202500566503,41.0196037809877,20.64552,0.08774781,19.545939999999998,0.01587958,18.835420000000003,0.01394445,18.44315,0.01489809,18.207179999999997,0.05212356,0.160434,0.023211000000000002,,,,,
21,NW,D2,73.0,203.789788365,41.017583472199995,1.2376623067224476e+18,203.790541138824,41.0176386143192,23.61599,0.6357619999999999,21.39915,0.04776718,19.99545,0.02221024,19.52283,0.02253344,19.21165,0.07467189,0.22127399999999997,0.010548,,,,,
22,NW,D2,165.0,203.803080425,41.0072223611,1.237662306722448e+18,203.80303623104498,41.0069907337802,22.00677,0.2090524,20.05847,0.0197541,18.744670000000003,0.01067099,18.26933,0.01055116,17.929370000000002,0.03013645,0.203541,0.010653,,,,,
23,NW,D2,171.0,203.818955423,41.0072779167,1.237662306722448e+18,203.81847600680598,41.00703267010571,22.2838,0.21112060000000002,21.84541,0.06459428,21.68384,0.07849355,21.658929999999998,0.12289569999999998,21.36145,0.43178420000000006,0.127452,0.071754,,,,,
24,NW,D2,173.0,203.82424709400001,41.0071668056,1.237662306722448e+18,203.824632667205,41.007545101029294,23.30442,0.4959226,20.93155,0.03304664,19.48759,0.01551982,18.97585,0.01494878,18.65716,0.04615471,0.245556,0.020031,,,,,
25,NW,D2,182.0,203.809747155,41.0055556944,1.2376623067224486e+18,203.80966706052502,41.00503907151089,23.13995,0.35779099999999997,21.810029999999998,0.05550334,20.40784,0.02542365,19.91992,0.02550296,19.69903,0.09167963,0.28920999999999997,0.048068,,,,,
26,NW,D2,220.0,203.79520568799998,41.0003056944,1.2376623067224481e+18,203.79538191114398,41.0008532650209,22.40564,0.30121090000000006,20.5463,0.02849044,19.44894,0.01728865,18.91345,0.01689123,18.632,0.05622612,0.178976,0.017428,,,,,
27,NW,D2,239.0,203.80695575099998,40.9986390278,1.2376623067224486e+18,203.806595167384,40.9984954944712,24.835060000000002,0.8389479999999999,21.60462,0.05445462,20.24304,0.02587605,19.74837,0.02590863,19.489810000000002,0.09137691,0.20743699999999998,0.015231999999999999,,,,,
28,NW,D3,20.0,203.804371459,41.02386125,1.2376623067224474e+18,203.80391301743302,41.02349468626,22.395979999999998,0.22346300000000002,21.35276,0.04197878,20.78024,0.03636441,20.35626,0.03902471,20.14424,0.15166849999999998,0.11256600000000001,0.027880000000000002,,,,,
29,NW,D3,124.0,203.810913583,41.011833472199996,1.2376623067224486e+18,203.811047260845,41.0123589221387,22.33792,0.2247916,21.54637,0.05143832,20.80641,0.03951516,20.467270000000003,0.04587935,20.1112,0.1548016,0.2659,0.05210599999999999,,,,,
30,NW,D3,142.0,203.82024698,41.0101668056,1.237662306722448e+18,203.82075527986999,41.009875517331295,23.17127,0.4425662,20.87558,0.03112991,19.44079,0.01484342,18.950329999999997,0.01457912,18.61501,0.04370179,0.23733200000000002,0.014063999999999998,,,,,
31,NW,D3,228.0,203.817622373,40.9998056944,1.2376623067224486e+18,203.818167033945,41.000091253386,25.559739999999998,0.5402123000000001,21.834310000000002,0.05963257,20.49335,0.02859081,20.03882,0.02963828,19.690260000000002,0.09764063,0.21512399999999998,0.024085,,,,,
32,SE,D1,27.0,203.85849743900002,40.9980834722,1.237662306722449e+18,203.85790341430697,40.9977918141132,21.8996,0.2588147,20.61056,0.03845178,19.354029999999998,0.02033427,18.90769,0.02142588,18.506729999999997,0.06598099,0.284503,0.050405,,,,,
33,SE,D1,46.0,203.831997573,40.9945556944,1.2376623067224476e+18,203.83241533095799,40.9949587399459,22.091379999999997,0.2873515,20.18013,0.02628428,18.73198,0.01257445,18.22315,0.01219082,17.897000000000002,0.03696806,0.240792,0.015516,,,,,
34,SE,D1,86.0,203.86112269999998,40.9911945833,1.237662306722449e+18,203.86044353368,40.9911946397938,22.66607,0.34885459999999996,21.35824,0.05083814,20.5876,0.03910308,20.571720000000003,0.06098407,20.17719,0.20041270000000003,0.187818,0.112874,,,,,
35,SE,D1,123.0,203.843872895,40.9860556944,1.237662306722448e+18,203.84411796320597,40.986395304348605,21.46397,0.19597,19.5726,0.01845718,18.17388,0.009389889,17.65083,0.009051489,17.25031,0.02496257,0.226163,0.014628,,,,,
36,SE,D1,129.0,203.859831229,40.9860556944,1.237662306722448e+18,203.859395481138,40.9856962070323,22.96738,0.3964278,20.851679999999998,0.03169057,19.42073,0.01518455,18.89645,0.014605100000000001,18.5235,0.04294274,0.231577,0.036107,,,,,
37,SE,D1,169.0,203.850706425,40.9808890278,1.237662306722449e+18,203.85074189172698,40.9811131089035,22.1429,0.2573197,21.57134,0.06909557,20.61577,0.0458764,20.176289999999998,0.05178585,20.10706,0.216074,0.389046,0.118396,,,,,
38,SE,D1,191.0,203.832081557,40.9773890278,1.2376623067224481e+18,203.831845400031,40.977167156782706,23.4034,0.5648361,21.28351,0.04470219,19.89901,0.02145617,19.371229999999997,0.0209303,19.15338,0.07389647,0.22870700000000002,0.022067,,,,,
39,SE,D1,197.0,203.847956557,40.9773890278,1.2376623067224486e+18,203.847424134384,40.977016708724896,22.79818,0.41852970000000006,20.70352,0.06112319,19.63372,0.01988839,19.11962,0.02011277,18.719839999999998,0.06092024,0.11412699999999999,0.021539,,,,,
40,SE,D1,237.0,203.838748418,40.9722779167,1.2376623067224486e+18,203.83903000416697,40.971974115101204,23.34362,0.47450879999999995,21.82314,0.06101364,20.57115,0.0315588,20.15094,0.03411381,19.90641,0.1250067,0.24668,0.033741,,,,,
41,SE,D2,164.0,203.836081449,40.9802501389,1.2376623067224481e+18,203.83583590973703,40.9801809702422,21.767979999999998,0.1786283,20.87581,0.03711557,20.0183,0.02718936,19.69044,0.03231897,19.16082,0.08961336,0.339092,0.037245,,,,,
42,SE,D2,234.0,203.82937344200002,40.9716390278,1.237662306722448e+18,203.82886152720903,40.971581695149204,23.634829999999997,0.7814861,21.53877,0.06295262,20.18807,0.03001801,19.67237,0.03029338,19.31833,0.09948938,0.211721,0.013685,,,,,
43,SE,D3,157.0,203.857164735,40.981500138899996,1.237662306722448e+18,203.857737527967,40.9815190039336,20.065,0.05759837,18.94585,0.01089679,18.31182,0.009449583000000001,17.94941,0.01029177,17.75307,0.03482996,0.131227,0.025869999999999997,,,,,
44,SE,D3,171.0,203.85591480099998,40.9797501389,1.237662306722448e+18,203.855551949436,40.9802447227533,23.754189999999998,0.7081649,20.91185,0.03345217,19.49041,0.0158683,18.94034,0.01498678,18.668979999999998,0.04797856,0.260642,0.053501,,,,,
45,SE,D3,198.0,203.85062326599999,40.9762779167,1.237662306722449e+18,203.850797018059,40.9764543112324,25.80469,0.6390473000000001,21.817439999999998,0.07681309,20.82553,0.05836676,20.33249,0.05310741,19.93072,0.16444070000000002,0.24137199999999998,0.149333,,,,,
46,SW,D1,41.0,203.821455838,40.9963334722,1.2376623067224476e+18,203.82206462992698,40.9965014900446,23.32212,0.4784255,21.2529,0.04071494,19.8677,0.01963967,19.463079999999998,0.02064252,19.05513,0.06119702,0.20927800000000002,0.013096,,,,,
47,SW,D1,114.0,203.822831165,40.987722361100005,1.2376623067224492e+18,203.82303815790797,40.987653528786396,21.99504,0.736333,21.859289999999998,0.2848833,20.60407,0.1438795,26.13721,1.422815,22.57422,4.385622,0.14323,0.071398,,,,,
48,SW,D1,224.0,203.80699835599998,40.9739168056,1.2376623067224486e+18,203.807123648088,40.9736812817194,22.13616,0.29582579999999997,20.57229,0.03672962,20.02519,0.0419121,19.99091,0.05144538,20.90674,0.5120100000000001,0.28397,0.14666300000000002,,,,,
49,SW,D1,227.0,203.815040021,40.973944583299996,1.237662306722448e+18,203.81462209628003,40.9742399340177,23.939510000000002,0.9994741,20.684,0.03391698,19.27466,0.01620182,18.75763,0.01602108,18.33847,0.04640819,0.24334899999999998,0.033878,,,,,
50,SW,D1,232.0,203.82816502,40.9739723611,1.237662306722448e+18,203.828815259425,40.974096766083704,22.985570000000003,0.36371279999999995,21.323439999999998,0.04138552,19.93415,0.01985928,19.481679999999997,0.02046012,19.15758,0.06493628,0.266304,0.040552,,,,,
51,SW,D1,245.0,203.82420675,40.9723056944,1.237662306722448e+18,203.824300323268,40.9719506172775,22.77369,0.3830208,20.72714,0.03163863,19.292579999999997,0.01512677,18.76825,0.01471154,18.4325,0.04481396,0.236787,0.010151,,,,,
52,SW,D1,246.0,203.826915082,40.9723334722,1.237662306722448e+18,203.82720797558702,40.972342173267606,23.40605,0.6072801999999999,21.90985,0.08288869,21.30836,0.07039584,20.753529999999998,0.07370179,22.89725,1.081702,0.25754299999999997,0.152625,,,,,
53,SW,D2,24.0,203.81349745900002,40.9975556944,1.237662306722448e+18,203.81367819315,40.9976466737563,23.30311,0.6137353,21.804470000000002,0.07802234,21.28896,0.07258649,20.93368,0.08579675,20.94981,0.4052094,0.093722,0.038838,,,,,
54,SW,D2,29.0,203.826789126,40.9975279167,1.2376623067224476e+18,203.826629761326,40.99723964151279,22.35106,0.535363,19.71623,0.02504246,18.1653,0.01106814,17.571460000000002,0.01025808,17.16976,0.02920268,0.29531799999999997,0.043499,1.648345553022511e+18,203.8266,40.997259,0.241427,3.385718e-05
55,SW,D2,39.0,203.81495585599998,40.99586125,1.237662306722448e+18,203.81474676821,40.9955178244376,22.79472,0.5102419,20.06825,0.02371259,18.72575,0.01225395,18.29127,0.012637700000000002,17.912879999999998,0.03705173,0.197994,0.014165,,,,,
56,SW,D2,53.0,203.813664258,40.994055694400004,1.237662306722448e+18,203.81338011748798,40.994139475519795,22.798679999999997,0.4410726,20.15983,0.02305493,18.734379999999998,0.01140737,18.25765,0.01132074,17.90435,0.03267564,0.22189499999999998,0.013267,,,,,
57,SW,D2,59.0,203.79108098900002,40.99236125,1.237662306722448e+18,203.79107486210702,40.9924506437553,21.31622,0.11351789999999999,20.54685,0.02639704,19.831229999999998,0.0212891,19.61586,0.02653118,19.34665,0.09262689999999998,0.280021,0.041229,,,,,
58,SW,D2,65.0,203.806997657,40.992333472199995,1.237662306722448e+18,203.807190197894,40.9922066837289,25.89434,0.4776573,21.89338,0.07187994,20.579639999999998,0.03525526,20.20701,0.03924827,19.74186,0.1181,0.273432,0.05393200000000001,,,,,
59,SW,D2,86.0,203.824206055,40.9906390278,1.2376623067224476e+18,203.82390558573601,40.9903479467566,22.88812,0.3999276,20.90788,0.03421905,19.70572,0.01883869,19.31064,0.02032576,19.094,0.07283064,0.257936,0.026036,,,,,
60,SW,D2,90.0,203.79641445299998,40.9889168056,1.2376623067224486e+18,203.796244545388,40.9888330302614,24.16849,0.6796396,21.80074,0.05609811,20.41188,0.0259593,19.94985,0.02664283,19.8131,0.10309120000000001,0.285273,0.037165,,,,,
61,SW,D2,181.0,203.807039844,40.97861125,1.2376623067224486e+18,203.806966924198,40.9791324502066,23.2195,0.5542999,21.014120000000002,0.04022383,19.80723,0.02207131,19.29167,0.02187384,19.09003,0.07971179,0.174689,0.01696,,,,,
62,SW,D3,26.0,203.820205813,40.9970001389,1.2376623067224476e+18,203.81984997273602,40.9968117961875,20.85656,0.151818,19.10165,0.01587154,17.9421,0.009522136,17.49758,0.009781753,17.21211,0.03082489,0.192932,0.016881999999999998,,,,,
63,SW,D3,37.0,203.810955879,40.9952779167,1.237662306722448e+18,203.810429257337,40.9954171134849,22.73631,0.3316861,20.90106,0.03276386,19.788,0.01930334,19.4486,0.02154198,19.17183,0.07286116,0.20558099999999999,0.025365000000000002,,,,,
64,SW,D3,65.0,203.80833101099998,40.9917779167,1.237662306722448e+18,203.80810113330898,40.99126996068121,21.44015,0.1820879,19.85515,0.02207286,18.60456,0.01218316,18.17415,0.01264965,17.82764,0.03852757,0.21576900000000002,0.033512,,,,,
65,SW,D3,73.0,203.791122742,40.9900834722,1.2376623067224476e+18,203.79167756729302,40.9898412111696,23.6261,0.5385977,20.8194,0.02719796,19.5183,0.01441407,19.02039,0.0141291,18.73414,0.04331937,0.224002,0.044663,,,,,
66,SW,D3,92.0,203.803039475,40.9883334722,1.2376623067224486e+18,203.803144627573,40.98801916126661,24.96032,1.104017,21.04649,0.04413319,19.66326,0.02112927,19.20557,0.02187142,18.8533,0.06994097,0.22985,0.031068000000000002,,,,,
67,SW,D3,179.0,203.80308153299998,40.9780279167,1.2376623067224486e+18,203.802774171805,40.9782038866733,22.33812,0.28531609999999996,21.95048,0.09118955,21.10045,0.0648875,20.820429999999998,0.08125314,20.58861,0.31049770000000004,0.374946,0.101111,,,,,
68,,,,,,1.2376623067224476e+18,,,24.4075,0.7909217,20.87501,0.02991398,19.42243,0.01412773,18.89697,0.0134089,18.56687,0.03978982,0.24313,0.0206,,,,,
69,,,,,,1.2376623067224476e+18,,,21.70275,0.25454740000000003,19.69797,0.02128521,18.25601,0.01026037,17.75233,0.01001782,17.41205,0.02989566,0.236031,0.013572,,,,,
70,,,,,,1.2376623067224476e+18,,,19.65201,0.04246029,18.01899,0.006477129,17.23551,0.005205856,16.85827,0.005292301,16.56093,0.01341174,0.067118,0.025371,1.6484502815050568e+18,203.84292,41.027986,0.04661915,2.0239739999999998e-05
71,,,,,,1.237662306722448e+18,,,22.157429999999998,0.24669169999999999,20.59779,0.03032142,19.20439,0.01481834,18.71621,0.01472156,18.43746,0.04740636,0.244939,0.026856,,,,,
72,,,,,,1.237662306722448e+18,,,23.415129999999998,0.4858129,21.83773,0.06107962,20.71874,0.03458441,20.3867,0.08241179,20.238129999999998,0.1617169,0.273154,0.063805,,,,,
73,,,,,,1.2376623067224486e+18,,,22.40883,0.21443289999999998,21.990129999999997,0.06695004,21.113970000000002,0.045431099999999995,20.83354,0.05512647,20.603070000000002,0.20982489999999998,0.395432,0.078533,,,,,
74,,,,,,1.2376623067224486e+18,,,22.23454,0.2392429,21.62217,0.06217413,21.195870000000003,0.06175726,21.1395,0.09289044,20.76076,0.31563979999999997,0.23091399999999998,0.16203199999999998,,,,,
75,,,,,,1.2376623067224486e+18,,,22.94398,0.3593534,21.49554,0.04814416,20.39958,0.02812535,20.00238,0.03054771,19.77544,0.1124401,0.235631,0.042606,,,,,
76,,,,,,1.237662306722449e+18,,,24.775779999999997,0.8765193000000001,21.78214,0.06330984,20.521620000000002,0.03233489,20.134220000000003,0.07191565,19.7837,0.12121199999999999,0.24716799999999997,0.059557000000000006,,,,,
77,,,,,,1.237662306722449e+18,,,23.44068,0.5896659000000001,21.447370000000003,0.05080869,20.199939999999998,0.02684245,19.60378,0.06131196,19.16253,0.07448238,0.17313499999999998,0.022303,,,,,
78,,,,,,1.237662306722449e+18,,,22.68564,0.3524012,21.32181,0.04968927,19.93265,0.02366239,19.370079999999998,0.02254091,18.78678,0.05956677,0.417566,0.10005700000000001,,,,,
79,,,,,,1.237662306722449e+18,,,22.94314,0.3882502,21.003510000000002,0.0351175,19.85494,0.02016637,19.39666,0.02057341,19.14488,0.07044384,0.19184,0.018621000000000002,,,,,
80,,,,,,1.237662306722449e+18,,,22.86083,0.647835,21.45831,0.08438818,20.58589,0.05967642,20.12122,0.07573625,19.37535,0.15301629999999997,0.346622,0.141029,,,,,
81,,,,,,1.2376623067224476e+18,,,21.686239999999998,0.23138779999999998,19.439770000000003,0.01673228,17.97774,0.00823161,17.43966,0.007836181,17.06622,0.02137866,0.24809699999999998,0.015046,5.300936968229093e+18,203.78652,41.020877,0.2406701,3.8141609999999995e-05
82,,,,,,1.2376623067224476e+18,,,21.60797,0.21264349999999999,19.4357,0.01624768,17.905,0.007743631999999999,17.37376,0.0073525000000000005,17.02175,0.02000177,0.265165,0.012865999999999999,1.6483614959411139e+18,203.78655,40.986785999999995,0.23918760000000003,4.546738e-05
83,,,,,,1.2376623067224476e+18,,,23.928720000000002,0.8373594999999999,20.47958,0.02533202,19.17472,0.01347798,18.70399,0.01345227,18.42086,0.04171519,0.233303,0.059775999999999996,,,,,
84,,,,,,1.2376623067224476e+18,,,20.84055,0.07754683,19.95535,0.01734485,19.41358,0.01579063,19.16538,0.0189357,19.11841,0.07721486,0.179355,0.04086,,,,,
85,,,,,,1.2376623067224476e+18,,,21.23979,0.18446300000000002,18.99654,0.01354026,17.61063,0.007140059,17.10226,0.006892754,16.72158,0.01855501,0.219219,0.010937,1.648453854917847e+18,203.83196999999998,41.041708,0.2235317,4.328246e-05
86,,,,,,1.2376623067224476e+18,,,21.1676,0.1171058,19.72626,0.01688206,18.88402,0.01245497,18.43345,0.01265242,18.14706,0.03968162,0.13498800000000002,0.022059,,,,,
87,,,,,,1.2376623067224476e+18,,,25.636860000000002,1.264035,21.30981,0.08158096,20.4027,0.05671899,19.555120000000002,0.04330003,19.07229,0.1315002,0.4509,0.108636,5.300943840176767e+18,203.83037,41.045823,0.6963951999999999,0.0001198834
88,,,,,,1.2376623067224476e+18,,,22.921860000000002,0.44451620000000003,20.592570000000002,0.02871388,19.32925,0.01554717,18.859189999999998,0.01551253,18.679170000000003,0.054679,0.189119,0.026216000000000003,,,,,
89,,,,,,1.2376623067224476e+18,,,20.21781,0.05377633,19.55947,0.01440037,19.306820000000002,0.01567459,19.21561,0.02087578,19.24762,0.09174987,0.090626,0.050914,,,,,
90,,,,,,1.2376623067224476e+18,,,24.86205,0.8571179,21.498839999999998,0.05259405,20.13723,0.02441197,19.66658,0.02464626,19.33127,0.08067641,0.21301599999999998,0.014153,,,,,
91,,,,,,1.237662306722448e+18,,,21.39099,0.1440471,19.73043,0.01726956,18.59754,0.01053167,18.17049,0.01076647,17.79399,0.03046497,0.165285,0.017526,,,,,
92,,,,,,1.237662306722448e+18,,,21.508210000000002,0.2151083,19.911360000000002,0.02467055,18.621010000000002,0.01274282,18.1692,0.013315200000000001,17.730179999999997,0.03933753,0.302874,0.045670999999999996,,,,,
93,,,,,,1.237662306722448e+18,,,22.016679999999997,0.21606999999999998,20.4467,0.02681492,18.98157,0.01267904,18.46585,0.0122869,18.10823,0.03601747,0.25148899999999996,0.017584,,,,,
94,,,,,,1.237662306722448e+18,,,22.824379999999998,0.4504651,20.459329999999998,0.02850235,19.0402,0.01380647,18.52385,0.01345873,18.151429999999998,0.03972113,0.227134,0.012482,,,,,
95,,,,,,1.237662306722448e+18,,,22.12068,0.2021378,20.31381,0.021829499999999998,19.14167,0.01274521,18.72174,0.01311101,18.48682,0.04192499,0.22601999999999997,0.022468000000000002,,,,,
96,,,,,,1.237662306722448e+18,,,22.74386,0.37985840000000004,20.55772,0.02790486,19.24174,0.014625799999999998,18.70489,0.03695991,18.431079999999998,0.04501467,0.21385500000000002,0.014629,,,,,
97,,,,,,1.237662306722448e+18,,,23.18425,0.42016729999999997,20.97881,0.0321833,19.640420000000002,0.01650469,19.08526,0.01571023,18.78145,0.04872078,0.221887,0.018536,,,,,
98,,,,,,1.237662306722448e+18,,,21.5554,0.14233629999999997,20.46823,0.02532494,19.54138,0.01762836,19.20089,0.01993724,18.80217,0.06153282,0.270947,0.050372,,,,,
99,,,,,,1.237662306722448e+18,,,22.357,0.291062,20.4031,0.02605922,19.12614,0.01416108,18.65644,0.01429375,18.29523,0.04263819,0.191503,0.008331999999999999,,,,,
100,,,,,,1.237662306722448e+18,,,22.80384,0.3860743,20.51572,0.02599374,19.219160000000002,0.01370021,18.74434,0.0137094,18.46535,0.04426771,0.229409,0.029082,,,,,
101,,,,,,1.237662306722448e+18,,,23.85162,0.6959233,21.23115,0.03920079,19.95753,0.02040517,19.50435,0.02087414,19.25515,0.0724911,0.197509,0.01986,,,,,
102,,,,,,1.237662306722448e+18,,,22.87323,0.40066999999999997,20.7324,0.03009699,19.41007,0.01537114,18.979879999999998,0.01591911,18.54446,0.04630728,0.2236,0.02072,,,,,
103,,,,,,1.237662306722448e+18,,,23.34806,0.6903815999999999,20.79382,0.03747898,19.22447,0.01592438,18.63608,0.01472057,18.304270000000002,0.0460353,0.291432,0.013669999999999998,,,,,
104,,,,,,1.237662306722448e+18,,,24.60349,0.7143323,21.85254,0.05741456,20.645120000000002,0.03046226,20.1816,0.0312717,19.797220000000003,0.09840722,0.171764,0.019568000000000002,,,,,
105,,,,,,1.237662306722448e+18,,,22.65622,0.2991318,20.70399,0.02768477,19.3799,0.01442542,18.87071,0.01399097,18.56406,0.04265376,0.216923,0.012499,,,,,
106,,,,,,1.237662306722448e+18,,,22.694010000000002,0.3809893,20.294929999999997,0.02344025,18.96182,0.01235008,18.483829999999998,0.01221533,18.18655,0.03699005,0.20911999999999997,0.013149000000000001,,,,,
107,,,,,,1.237662306722448e+18,,,24.488210000000002,1.561226,20.71711,0.04293864,19.36509,0.02103419,18.88745,0.02162934,18.72832,0.08199181,0.272106,0.035265,,,,,
108,,,,,,1.237662306722448e+18,,,22.39764,0.2862513,20.58074,0.02860887,19.2252,0.01461797,18.74387,0.01461631,18.3768,0.04341495,0.214506,0.011772,,,,,
109,,,,,,1.237662306722448e+18,,,21.97325,0.2670991,19.93309,0.02204443,18.58707,0.011441100000000001,18.08986,0.01123645,17.70202,0.03215436,0.21377,0.018984,,,,,
110,,,,,,1.237662306722448e+18,,,23.1695,0.542411,20.707710000000002,0.03198137,19.28611,0.01536054,18.7953,0.01538605,18.39816,0.04453436,0.236136,0.017808,,,,,
111,,,,,,1.237662306722448e+18,,,22.89536,0.4160385999999999,20.77069,0.03239955,19.37689,0.01579613,18.87264,0.01558861,18.48679,0.04555064,0.221723,0.011148,,,,,
112,,,,,,1.2376623067224481e+18,,,21.595779999999998,0.1551836,20.691670000000002,0.03173063,20.23147,0.03142422,19.991889999999998,0.04015645,19.82986,0.1553628,0.079956,0.046617,,,,,
113,,,,,,1.2376623067224481e+18,,,19.855539999999998,0.05933503,19.303929999999998,0.01575888,18.84035,0.0160691,18.57423,0.01956435,18.49871,0.08103243,0.199668,0.032424,,,,,
114,,,,,,1.2376623067224484e+18,,,24.31762,0.9184998,21.562839999999998,0.05800932,20.26868,0.02873716,19.757939999999998,0.02876459,19.15585,0.0760155,0.278517,0.05171,,,,,
115,,,,,,1.2376623067224484e+18,,,24.14055,0.8087335999999999,21.753989999999998,0.06311122,20.45257,0.03092025,19.882189999999998,0.02959914,19.88656,0.13262290000000002,0.36237800000000003,0.092071,,,,,
116,,,,,,1.2376623067224484e+18,,,23.22585,0.45079540000000007,21.15372,0.03730077,19.767870000000002,0.01796022,19.24746,0.01735613,18.780179999999998,0.04852103,0.205675,0.026439999999999998,,,,,
117,,,,,,1.2376623067224484e+18,,,23.51644,0.6245136,21.39325,0.05037119,20.50357,0.03463487,20.15602,0.04024455,19.8923,0.1462622,0.08767,0.016697999999999998,,,,,
118,,,,,,1.2376623067224486e+18,,,23.07005,0.4575675,20.99697,0.03664207,20.03652,0.02461995,19.69595,0.02805832,19.478839999999998,0.10404970000000001,0.14313,0.017145,,,,,
119,,,,,,1.2376623067224486e+18,,,22.96804,0.4319298,21.07096,0.04034277,19.69369,0.01934532,19.21145,0.01945605,18.89128,0.06293994,0.227102,0.013590999999999999,,,,,
120,,,,,,1.2376623067224486e+18,,,25.36062,0.7412029,21.786170000000002,0.06597129,20.49211,0.03278773,20.0489,0.03518907,19.60324,0.10786710000000001,0.22771999999999998,0.039889999999999995,,,,,
121,,,,,,1.2376623067224486e+18,,,22.96515,0.3670624,21.66689,0.05479373,20.3619,0.02763965,19.8821,0.02837501,19.41566,0.08351073,0.29934499999999997,0.073861,,,,,
122,,,,,,1.2376623067224486e+18,,,22.980079999999997,0.3135631,21.59495,0.04600655,20.305670000000003,0.02363144,19.76114,0.02296207,19.50684,0.0778502,0.260908,0.059984,,,,,
123,,,,,,1.2376623067224486e+18,,,22.8963,0.48928469999999996,21.59313,0.07016460000000001,20.65995,0.04692684,20.5747,0.06906391,20.41941,0.2849895,0.323225,0.178425,,,,,
124,,,,,,1.2376623067224486e+18,,,24.10351,0.9724729,21.96655,0.08690433,20.86136,0.05029823,20.36724,0.0519086,19.99169,0.1736127,0.133686,0.015844999999999998,,,,,
125,,,,,,1.2376623067224486e+18,,,23.62814,0.7747387,21.134829999999997,0.04502349,19.77759,0.02211557,19.265220000000003,0.02204685,18.93184,0.07165682,0.218759,0.015103,,,,,
126,,,,,,1.2376623067224486e+18,,,24.93415,0.8636219999999999,21.78603,0.06471978,20.62438,0.03613823,20.26819,0.04205177,19.960420000000003,0.1456047,0.18631099999999998,0.031972,,,,,
127,,,,,,1.237662306722449e+18,,,24.94292,0.7220725,21.45704,0.0437605,20.22263,0.02317303,19.77615,0.02371735,19.4337,0.0762727,0.206339,0.050276999999999995,,,,,
128,,,,,,1.237662306722449e+18,,,23.06019,0.5281284,21.56256,0.0670758,20.18596,0.03121235,19.869770000000003,0.03730544,19.45107,0.1181386,0.285698,0.085677,,,,,
129,,,,,,1.237662306722449e+18,,,24.10408,1.019512,21.839129999999997,0.08252124,20.60621,0.042656400000000004,20.23102,0.04830294,19.70427,0.14108679999999998,0.190398,0.017662,,,,,
130,,,,,,1.237662306722449e+18,,,22.04797,0.19605720000000001,20.96045,0.03481003,19.68703,0.01844458,19.21116,0.01885985,18.89914,0.06138031,0.30339499999999997,0.057739,,,,,
131,,,,,,1.237662306722449e+18,,,22.71905,0.3392446,21.23636,0.04392608,19.919320000000003,0.02205412,19.43291,0.02204083,19.05026,0.06873105,0.253618,0.037219,,,,,
132,,,,,,1.237662306722449e+18,,,24.32602,1.261957,21.36187,0.06184659,20.1034,0.03232846,19.709120000000002,0.03653015,19.24725,0.109348,0.186212,0.015658000000000002,,,,,
133,,,,,,1.237662306722449e+18,,,24.26719,0.8237603000000001,21.23984,0.04005731,19.9826,0.02110696,19.5291,0.02156656,19.18882,0.06906123,0.202665,0.031344,,,,,
134,,,,,,1.237662306722449e+18,,,22.22224,0.1986677,21.559829999999998,0.05032446,21.15099,0.05036782,20.838279999999997,0.06046408,20.541929999999997,0.2144465,0.133972,0.058005999999999995,,,,,
135,,,,,,1.237662306722449e+18,,,23.89738,0.7023674,21.18383,0.03862862,19.95821,0.02107674,19.48515,0.021473,19.06615,0.06335008,0.17371,0.019447,,,,,
136,,,,,,1.237662306722449e+18,,,22.8229,0.3661008,21.6905,0.06348839,21.239,0.0631199,21.2918,0.10532060000000001,20.93476,0.3522106,0.064092,0.047335,,,,,
137,,,,,,1.237662306722449e+18,,,23.27611,0.4409366,21.44345,0.04441747,20.02617,0.02070345,19.59285,0.0214151,19.19405,0.06498025,0.259392,0.034675,,,,,
138,,,,,,1.237662306722449e+18,,,25.02214,0.8480209000000001,21.2969,0.04404903,20.00169,0.02261743,19.51281,0.02273147,19.25135,0.07712518,0.20918499999999998,0.026156,,,,,
139,,,,,,1.237662306722449e+18,,,23.54164,0.7154915,21.96337,0.08850055,20.47391,0.03737621,20.01761,0.03957766,19.90407,0.1618579,0.294033,0.06298,,,,,
140,,,,,,1.237662306722449e+18,,,22.8356,0.32310459999999996,21.69109,0.05531418,20.45305,0.02905631,20.034470000000002,0.03102202,19.79016,0.11097089999999998,0.277152,0.06662699999999999,,,,,
141,,,,,,1.237662306722449e+18,,,23.16049,0.37529840000000003,21.92435,0.06184022,20.87517,0.03715205,20.42965,0.03937599,20.18789,0.1440036,0.2135,0.030741,,,,,
142,,,,,,1.2376623067225132e+18,,,23.15128,0.43319440000000003,21.719089999999998,0.05678936,20.47597,0.03099802,19.98927,0.03161542,19.83333,0.12149990000000001,0.228687,0.042486,,,,,
143,,,,,,1.2376623067225134e+18,,,25.90154,0.8353729,20.529139999999998,0.03479715,19.33135,0.01982001,18.9576,0.02201635,18.777739999999998,0.08197978,0.141908,0.026161,,,,,
144,,,,,,1.2376623067225134e+18,,,23.621029999999998,0.9837328000000002,20.67039,0.03689516,19.49249,0.02129067,19.1077,0.023564500000000002,18.85918,0.08221537,0.203317,0.029856,,,,,
145,,,,,,1.237662306722448e+18,,,23.9544,0.6968895,21.179170000000003,0.03799692,19.83418,0.01873566,19.36466,0.01893016,18.96728,0.05612641,0.21117199999999997,0.015433,,,,,
