,MEM_MATCH_ID,RA_1,DEC_1,BCG_SPEC_Z,SPECID,SURVEY_CODE,RA_2,DEC_2,Z_2
0,33,213.60024185108853,-0.3776437738556696,0.1377273,LTF_10_0608_2323,11,213.60025,-0.37765,0.13782
1,99,139.07315528677307,-0.4015762682731477,0.31796968,133079334641467392,1,139.07315,-0.40155,0.31808000000000003
2,329,132.61572540049485,0.2504435066421876,-1.0,G09_Y1_CS2_327,5,132.61571,0.25043000000000004,0.19608
3,378,220.13341330676081,-1.62418757631147,0.32227212,259182083589537792,1,220.13341,-1.62418,0.32229
4,482,180.97275918229118,1.7834583508627997,0.23674636,G12_Y1_EX2_254,5,180.97275,1.7834599999999998,0.23706999999999998
5,538,175.34728588219548,0.6336342197290254,0.30976847,G12_Y1_AT_330,5,175.34729,0.63363,0.30958
6,647,179.04504805763236,-0.3502284625967392,0.25629744,80442260411383808,1,179.04506999999998,-0.35022,0.25653000000000004
7,776,138.4674303964297,-0.7597207920465097,0.29517785,133079334557581312,1,138.46741,-0.75972,0.29501
8,792,180.99166586564218,1.425763004871469,0.4130284000000001,G12_Y1_EX1_189,5,180.99167,1.4257600000000001,0.41303
9,931,130.5911838725257,1.6406295868822118,0.420088,G09_Y1_BN1_246,5,130.59117,1.64064,0.4204
10,975,140.20708434078804,2.7538617368014613,0.28415337,159820732476424192,1,140.20712,2.75387,0.28418000000000004
11,1069,175.873492459037,-1.7416596029785318,0.106046475,92548344085217280,1,175.87349,-1.74167,0.10605
12,1234,216.6010505073792,-1.4492084524936852,0.45761886,258619103831392256,1,216.60106000000002,-1.4492,0.45764
13,1236,180.43195738656343,-0.1844866106875251,0.16692387,6dFg1201437-001104,6,180.43196,-0.1845,0.16738
14,1418,140.52354740405443,-0.5045557345444858,0.3181277,133642478241710080,1,140.52357,-0.50456,0.31805
15,1449,140.39771489614247,-0.24158476976093102,0.31264105,G09_Y1_IS1_301,5,140.39771000000002,-0.24158000000000002,0.3127
16,1531,181.413597047046,-1.868451466998393,0.38038826,93674608305111040,1,181.41358,-1.86842,0.38043000000000005
17,1683,216.84120729764805,0.945502074407966,0.2908228,86071546514243584,1,216.84121000000002,0.9455600000000001,0.29096
18,1743,139.7092262817801,2.2008911215036435,0.28389713,133360699341537280,1,139.70921,2.2008900000000002,0.28393
19,1754,221.15612741014576,0.23394919701629455,0.30220664,G15_Y1_HS2_279,5,221.15617000000003,0.23394,0.30241
20,1772,185.49079370650986,-1.1342194784667832,0.25901827,81288131596255232,1,185.49078,-1.13424,0.25911
21,1827,219.43003763106617,-0.2534754003921436,0.13747275,86634709576056832,1,219.43002,-0.25349,0.13748
22,1975,129.3423371868622,1.5941407339079507,0.3603348,G09_Y1_AN1_248,5,129.34229,1.59412,0.36077
23,2060,177.26476942495145,1.5017394742677932,0.23242463,144901450617585664,1,177.26476,1.50175,0.23243000000000003
24,2347,131.43540271391652,-0.488040828604675,-1.0,G09_Y2_032_062,5,131.43542,-0.48805,0.15469000000000002
25,2667,180.21081579391992,-1.4654404201177833,0.26692075,93393138009243648,1,180.21084,-1.46545,0.267
26,2672,184.3812729755233,0.3971782031078335,0.37430215,81006758042009600,1,184.38126,0.39723,0.37431
27,2750,180.66552437950597,-1.6385497909333993,-1.0,G12_Y1_FS1_163,5,180.6655,-1.63854,-9.999989999999999
28,2799,177.5850082463716,-0.5931017089021153,0.13622811,80160781106151424,1,177.58507,-0.5931,0.13621
29,2902,137.30739047373905,-0.20560232436955486,0.30849463,132516272511385600,1,137.30742,-0.2056,0.3085
30,2935,182.6061787906244,-0.2446919500563655,0.31506798,81006756565614592,1,182.60615,-0.24466999999999997,0.31504
31,3037,139.34382596189886,1.023625990431656,0.35887048,133079336629567488,1,139.34383,1.0236299999999998,0.35891
32,3226,178.26066467851456,1.0405482277524738,0.4032458,80160782221836288,1,178.2607,1.04055,0.40326999999999996
33,3301,221.03775192293224,0.17848090112325474,0.29648309999999994,86916181197324288,1,221.03777000000002,0.17845999999999998,0.29662
34,3308,133.6525328131628,0.6425754480162837,0.10696268,132234729838608384,1,133.65255,0.64257,0.10699000000000002
35,3488,140.49559787456528,-0.39262663111919416,-1.0,G09_Y1_IS1_038,5,140.49558000000002,-0.39263000000000003,0.31668
36,3509,213.5259973157353,1.8702241401008528,0.25207728,150249476114612224,1,213.52598999999998,1.8702299999999998,0.25209000000000004
37,3539,213.8082824688156,-1.617703429225183,0.14959097,258056042905075712,1,213.80829,-1.61772,0.1496
38,3599,217.6753937180354,0.8175109481684933,0.32203484,150812447056330752,1,217.67545,0.8174600000000001,0.32187
39,3654,211.84715298071708,1.3717793905082567,0.45813563,149967996750659584,1,211.84716,1.3717700000000002,0.45813999999999994
40,3673,212.0259882384982,-0.4759613520910809,-1.0,G15_Y3_007_092,5,212.02599999999998,-0.47595,-9.999989999999999
41,3851,175.6835293011902,0.4681220371157562,-1.0,G12_Y1_BND1_239,5,175.68346,0.46808999999999995,0.30619
42,3894,185.67774026626947,-1.5115470493651626,0.29024583,93955852389580800,1,185.67775,-1.51157,0.29046
43,3908,222.461241963543,0.9268200542019236,0.4207584,86916181956493312,1,222.46122000000003,0.9268200000000001,0.42065
44,4210,136.04559703405175,0.6144534626861464,-1.0,G09_Y1_FN1_120,5,136.04558,0.61445,0.3113
45,4237,183.890511475128,1.7462052851574614,0.40301993,146028587978326016,1,183.89051,1.7462,0.40296
46,4392,184.12621455837106,0.6903969072371337,0.30767396,81006757983289344,1,184.12623,0.6904100000000001,0.30761
47,4503,185.3990027317984,1.6684111006016382,0.41232023,146310067749126144,1,185.399,1.6684299999999999,0.41233000000000003
48,4522,136.47116410511526,-0.04652134418268306,-1.0,G09_Y1_FS1_332,5,136.47113000000002,-0.04653,0.30437
49,4575,212.73263210981273,1.6334116650932315,0.17787772,150249476387241984,1,212.73262999999997,1.6334,0.17792
50,4592,213.71904415379845,0.1962086954996674,0.12393813599999999,85508604651634688,1,213.71908,0.1962,0.12397000000000001
51,4657,217.24572664277764,1.7332968043308326,0.31487602,150812447500926976,1,217.24572999999998,1.7332900000000002,0.31496999999999997
52,4690,131.63049463225022,1.8580486574393056,0.3855113,131671729087971328,1,131.63048999999998,1.8580599999999998,0.38537
53,4749,180.8539033040441,1.3802175732811224,0.42062706,145464499543998464,1,180.85388999999998,1.38019,0.4208
54,4878,215.06931641782106,0.9552708479618168,0.5071278,85790054005342208,1,215.06935,0.9553,0.507
55,4981,185.43028165134587,0.3295161664110092,0.15889484,81288133936676864,1,185.43028999999999,0.32952,0.15891
56,5112,216.24292059839496,1.1536153486828284,0.30416495,86071546182893568,1,216.24291000000002,1.1536,0.30426
57,5197,133.12555938441255,0.4204988956006628,-1.0,G09_Y1_DS1_255,5,133.12558,0.4205,0.23715
58,5352,133.84961666924843,1.8314354475545902,0.26173812,132234730090266624,1,133.84963,1.83145,0.26175
59,5413,182.47787453363568,-0.5576664957192152,0.18158501,81006756557225984,1,182.47789,-0.55766,0.18161
60,5510,184.10331435306477,-0.08030490303278433,0.27557784,81288133257199616,1,184.10332,-0.08027000000000001,0.27551
61,5584,130.85213933158016,-0.2469861618206746,-1.0,G09_Y1_BS1_202,5,130.85211999999999,-0.24698,0.34043
62,5697,216.21832258872524,0.22465132630310186,-1.0,G15_Y1_DS1_297,5,216.21829,0.22464,0.32614
63,5728,130.9902704391492,0.6173053538602647,0.279968,131671728198778880,1,130.99025,0.61731,0.28009
64,6031,133.51740048495344,2.4143435649024325,0.36114922,159257667410329600,1,133.5174,2.41433,0.36132
65,6261,135.50260683316878,2.393260174010468,0.20159099,132797727321882624,1,135.5026,2.39328,0.2016
66,6441,129.75343423569518,2.0154427432512048,0.358516,G09_Y1_AX1_110,5,129.75346000000002,2.01539,0.35881
67,6470,131.0111287541082,1.0935211376264102,-1.0,G09_Y1_BN1_101,5,131.01108,1.09351,0.28459
68,6622,175.55355821022994,0.6328726855610911,0.30603945,G12_Y1_AT_345,5,175.55354,0.6328600000000001,0.30633
69,6648,132.56608870695644,0.4880889477413213,0.1655016,131953250587901952,1,132.56609,0.48808999999999997,0.16551
70,6679,133.82216039853387,1.5859009850822712,0.32378814,131953251862970368,1,133.82216,1.58589,0.32385
71,6714,129.34674581903423,1.4104730999100392,-1.0,G09_Y1_test_227,5,129.34675,1.4104700000000001,0.34698
72,6776,178.3788831568557,-1.734534718427052,-1.0,6dFg1153309-014405,6,178.37883,-1.7346099999999998,0.13641
73,6889,135.67652139744172,1.3658799153023868,0.25706038,132234731210145792,1,135.67651999999998,1.3659,0.25709
74,6895,185.87559123404284,-1.9198351533200524,-1.0,G12_Y1_IS1_058,5,185.87558,-1.9198400000000002,0.30466
75,6990,132.57451109355134,1.9803562026693835,0.41555715,131953250793422848,1,132.57451,1.98036,0.41548
76,7166,140.17270185740543,2.1617824977469438,0.30887485,133360699471560704,1,140.17268,2.16178,0.3089
77,7273,132.77299262030286,0.5277861327338477,0.33231044,131953250394963968,1,132.77299,0.52778,0.33234
78,7309,222.49222828907207,-0.33081660967353244,0.25115463,86916179859341312,1,222.49222999999998,-0.33081,0.25118
79,7333,174.92459203086486,0.7623966635254907,0.3572743,G12_Y1_AT_294,5,174.92467,0.7623800000000001,0.35749000000000003
80,7344,223.08978653712563,-0.972193944711906,0.31299588,G15_Y1_IS2_081,5,223.08979,-0.97221,0.3129
81,7478,219.05687702084998,-0.2693387147290441,0.21872135,86353122368159744,1,219.05687000000003,-0.26934,0.21874000000000002
82,7504,218.47227342890758,-1.9378506959302308,-1.0,G15_Y3_009_144,5,218.47229,-1.93785,0.32558000000000004
83,7506,178.06621874943374,0.5153785599689652,0.46296063,G12_Y1_CN1_377,5,178.06617,0.51539,0.46313000000000004
84,7574,215.62196898408317,1.4349846285331254,0.28030914,G15_Y1_DN2_213,5,215.62196,1.43498,0.28044
85,7682,183.08498611304302,1.8078713340592811,0.19329171,146028588607471616,1,183.08498,1.80788,0.1933
86,7763,217.88765999412587,-1.1718518040083348,0.40171495,258619104468926464,1,217.88767,-1.17185,0.40174
87,8041,183.77208897447457,-1.4609551524563458,0.19885206,93955851240341504,1,183.77204,-1.46094,0.1989
88,8056,176.0318603549543,-1.1420765957846255,0.3514703,79880581533401088,1,176.03184,-1.14211,0.35153
89,8267,181.62655472860038,1.8207112390766595,0.2958772,145746005092990976,1,181.62656,1.8207400000000002,0.29586999999999997
90,8277,222.62601509105846,1.2249611286471285,0.38863474,151657001615622144,1,222.62604,1.22496,0.38868
91,8441,221.7759045743713,-0.5208307035631993,0.34624606,86916180157136896,1,221.77589,-0.52082,0.34631999999999996
92,8639,129.73719855214256,2.1475383237194663,0.35989872,G09_Y1_AX2_105,5,129.73721,2.1475400000000002,0.3597
93,8648,216.850325144506,-0.2486454890847961,0.16266064,86071544601640960,1,216.85035,-0.24865,0.1626
94,8692,175.9364066242307,-1.0088674775497293,0.35552198,79880581457903616,1,175.93639,-1.00888,0.35572
95,8731,220.4952089225927,1.1277701559359037,0.3730239,151375517981868032,1,220.4952,1.12779,0.37289
96,8784,131.25958053481727,1.4420387629209426,-1.0,G09_Y1_BN1_358,5,131.25958,1.44204,0.42022
97,8876,177.64109568700442,1.2992011263254009,0.29027516,G12_Y1_CX2_185,5,177.64108000000002,1.29921,0.29004
98,8900,138.0898838776327,2.5337409358849667,-1.0,G09_Y1_FX1_394,5,138.08988,2.5337400000000003,0.22265
99,8954,217.57929286569407,1.49322656033721,0.27711663,G15_Y1_EN1_318,5,217.57925,1.4932299999999998,0.27823000000000003
100,9082,129.51249112927806,1.9434390930702483,0.35947144,G09_Y1_AN1_283,5,129.5125,1.9434799999999999,0.35991999999999996
101,9137,130.78314522659196,0.48307486979696,0.26257506,131671728374939648,1,130.78314,0.48308,0.2625
102,9173,136.19883666144975,1.8441131073210142,0.23532708,132797727716147200,1,136.19884,1.84412,0.23540999999999998
103,9176,212.49783976603652,-1.5396668425059208,-1.0,6dFg1409595-013223,6,212.49783,-1.53964,0.1157
104,9472,131.73345222154268,-0.6180725988178208,-1.0,G09_Y1_CS1_167,5,131.73342,-0.61807,0.36633000000000004
105,9504,175.75547757685,-0.7867141437451426,-1.0,G12_Y1_BS1_267,5,175.75546,-0.78674,0.26465
106,9687,212.12451502502742,1.5316322219567855,0.43876076,G15_Y2_009_286,5,212.1245,1.53164,0.4394
107,9707,180.92706513775158,1.0318335937420997,0.25516945,80725179038171136,1,180.92707,1.0318,0.25515
108,9731,185.9648151965744,-1.4947683472969733,0.40332714,94235951873654784,1,185.96479,-1.49479,0.40316
109,10027,220.51740718440564,-0.8163901085726861,0.14409296,86634708770750464,1,220.51742000000002,-0.8164,0.14415999999999998
110,10216,134.0354303631023,0.4301991004391875,-1.0,G09_Y2_012_071,5,134.03542,0.43018999999999996,0.16702
111,10305,217.83820509874474,-0.8956478121392324,0.40268037,86353122976333824,1,217.83832999999998,-0.8956700000000001,0.40276
112,10409,132.83869819236494,1.4800584071754568,0.32681283,131671729838751744,1,132.8387,1.48006,0.32671
113,10445,218.2942713366832,-1.9285628676979008,0.40437153,258900600203247616,1,218.29428,-1.9285599999999998,0.40426
114,10587,139.25983457981644,0.0030347263460016928,0.20631543,133079334486278144,1,139.25984,0.00303,0.20628000000000002
115,10628,138.82475898113609,-0.987321904153617,-1.0,G09_Y1_HS1_116,5,138.82478999999998,-0.9873299999999999,0.40515999999999996
116,10663,129.40250759001032,1.978007881514705,0.3916842,G09_Y1_AN2_276,5,129.40246000000002,1.9779900000000001,0.39105999999999996
117,10717,222.2511378542664,1.7316279216443202,0.37260088,151657001632399360,1,222.25112000000001,1.73164,0.37271
118,10982,217.85586079977398,-0.8167580858986582,-1.0,G15_Y1_ES2_059,5,217.85587,-0.81677,0.39683
119,10997,175.85899464373546,-0.4574321319358714,0.35034242,79880581592121344,1,175.85898999999998,-0.45743,0.35036999999999996
120,11287,175.95507886709908,0.3679587752802469,0.32979947,79880582573588480,1,175.95506,0.36798000000000003,0.32982
121,11595,214.6184290134136,0.7854095274796121,0.34312811,85508605234642944,1,214.61845,0.78541,0.34315999999999997
122,11702,219.39843294424895,-0.556710227282292,0.18008095,86634709534113792,1,219.39843,-0.55669,0.18002
123,11782,138.4965462148857,0.05729849963732956,-1.0,G09_Y1_HS1_232,5,138.49653999999998,0.05729,0.16773
124,11839,218.68919809314858,1.7553022553727289,0.27712756,151094029998620672,1,218.68921,1.7552900000000002,0.27718000000000004
125,11875,130.30195937447093,0.4605158264603702,-1.0,G09_Y1_AS2_344,5,130.30192,0.46051000000000003,0.45373
126,11887,177.38004555571774,-0.2517152414383582,-1.0,G12_Y1_CND1_148,5,177.38,-0.25168,0.40576999999999996
127,11975,221.33351951841664,0.11468396071485484,0.29437009,86916181193129984,1,221.33352999999997,0.11469000000000001,0.29424
128,11976,138.97221979492872,0.4694522143678577,0.33404174,133079336134639616,1,138.97222,0.46946000000000004,0.33389
129,12159,211.8474279954047,1.9379292874396823,0.18007986,149967996670967808,1,211.84741,1.93795,0.1801
130,12268,176.42484402051997,0.3926036688697383,0.26155698,79880582636503040,1,176.42481999999998,0.39264,0.26139
131,12314,181.37681583515374,-0.6442459819941987,0.46209872,G12_Y1_FS1_304,5,181.37675,-0.6442,0.462
132,12349,215.0835306710925,-0.5839137323728267,0.32035962,85790052512169984,1,215.08356,-0.58391,0.3204
133,12404,185.3044470376746,1.139238799556292,0.41125584,81288133777293312,1,185.30444,1.13925,0.41118999999999994
134,12569,213.1473995458664,1.8132464673021096,0.47107247,149967995932770304,1,213.14742,1.8132400000000002,0.47073000000000004
135,12772,178.80686860030357,-0.5260987803157643,0.13215056,80160780464422912,1,178.80688999999998,-0.5261,0.13217
136,12850,217.07509600010468,0.7252910730004444,0.33513823,86353123555147776,1,217.07506,0.72532,0.33493
137,13118,214.03035694283267,1.930169000652452,0.31157640000000003,150249475707764736,1,214.03034,1.93018,0.31166
138,13129,138.64461436941292,2.4546078711056074,0.31476265,133360698704003072,1,138.64451,2.4546,0.31461
139,13144,216.19780267120663,1.3362762593946322,0.30207086,150530963191889920,1,216.19781,1.33629,0.30216
140,13668,139.73712102158112,2.8282254972110183,0.19824703,159820732648390656,1,139.73713,2.82823,0.19827
141,13673,136.62930800572923,-0.3589776715697731,0.28505638,132516272834347008,1,136.6293,-0.359,0.28509
142,13703,135.44775961587743,-0.7088238965681646,0.25777733,G09_Y1_ES1_055,5,135.44775,-0.70882,0.25814000000000004
143,13763,216.80041355987618,-0.4617777722914249,0.3063937,86071544589058048,1,216.80038,-0.46176999999999996,0.3064
144,13866,213.86402736300846,1.8505882431148808,0.30351305,G15_Y1_BN2_326,5,213.864,1.85058,0.3037
145,14003,135.03079390127274,2.4047024305235034,-1.0,G09_Y1_DX1_027,5,135.03079,2.40469,0.35048
146,14039,215.04495435696822,1.6175093806821177,0.19211891,150249475217031168,1,215.04496,1.61752,0.19218
147,14207,138.64330883150535,-0.860989980277973,-1.0,G09_Y1_HS1_133,5,138.64328999999998,-0.86098,0.34375
148,14211,221.82809820063244,-1.2629384603083662,0.14816378,259182084310958080,1,221.82809,-1.2629299999999999,0.1482
149,14381,177.06185470743884,-1.931931177286228,0.16849163,92828848277684224,1,177.06186,-1.93195,0.16848
150,14607,179.6707393113147,-1.0667180171211852,0.13124976,80442259790626816,1,179.67073,-1.06674,0.13128
151,14740,174.19067103675312,0.4355675819401446,0.40975684,79597694867210240,1,174.19063,0.43556999999999996,0.40968999999999994
152,14890,180.40961656401154,-0.4636221051149274,0.16810799,80442259685769216,1,180.40962,-0.46365,0.16839
153,14911,180.6766392279395,-1.3960686148047772,0.24803124,93393138353176576,1,180.67665,-1.3960700000000001,0.24806999999999998
154,15035,134.52059075455222,1.1537554049135406,0.07123264,131953252072685568,1,134.52059,1.15374,0.07119
155,15160,182.7887520503933,1.6824333722518408,0.29617995,145746004585480192,1,182.78876,1.68242,0.2962
156,15251,135.1872502591551,2.690654144331662,-1.0,G09_Y1_DX1_375,5,135.18725,2.69064,0.20015
157,15336,175.86847875978287,0.4072146290189757,0.36361367,79880582561005568,1,175.86847,0.40723000000000004,0.36373
158,15610,211.66085954369962,1.3706891364290548,0.37504554,149967996872294400,1,211.66087000000002,1.3707,0.3749
159,15613,135.3138100394699,0.8762602262353247,-1.0,G09_Y1_EN1_042,5,135.31378999999998,0.87624,0.28669
160,15726,131.28482105611502,1.0816900256159059,0.2671019,131671729230577664,1,131.2848,1.08164,0.26695
161,15738,176.32046854425946,-0.8339053937525377,0.44163549999999996,79880581025890304,1,176.3205,-0.83391,0.44183
162,15766,216.43868785101887,0.3889435077351603,0.32611772,G15_Y1_DS1_322,5,216.43867000000003,0.38894,0.32625
163,15856,130.22659231421537,1.7496605012632829,0.3571736,G09_Y1_AN2_343,5,130.22658,1.7496599999999998,0.35752
164,15864,183.42793154158556,-0.5793291298871021,-1.0,G12_Y1_HS2_249,5,183.42788000000002,-0.57933,0.2515
165,16034,139.55228957038372,2.2096750755832955,-1.0,G09_Y2_008_169,5,139.55229,2.20969,0.28888
166,16054,177.4535387836892,-0.364426540077441,0.42381272,80160781261340672,1,177.45362,-0.36451,0.42383999999999994
167,16468,130.4640733178557,-0.5680062308554352,-1.0,G09_Y1_BS2_167,5,130.464,-0.56801,0.24545999999999998
168,16474,133.02153336521292,1.365610860048507,0.39784554,131953251279962112,1,133.02154,1.36561,0.39778
169,16509,183.55252390957352,1.3089592496004043,0.3136002,G12_Y2_001_191,5,183.55254,1.3089600000000001,0.31266
170,16525,140.7844165350933,0.04682100883163767,0.32140630000000003,133642479026044928,1,140.78441,0.04684,0.32142
171,16643,181.9885135711774,-0.39914050059117945,0.37942052,81006756729192448,1,181.98856,-0.39919,0.37937
172,16829,178.7519921565562,-1.4311065637624951,0.16347815,93111671953817600,1,178.75198999999998,-1.43111,0.16348
173,16839,216.69595588621124,-0.2978986941454909,0.32966447,G15_Y1_DS1_006,5,216.69592000000003,-0.29791,0.33027
174,16844,183.74275266974135,1.5112929970464852,0.2426271,146028588326453248,1,183.74276,1.51129,0.24272
175,17049,182.64161671507904,-0.412494594927115,0.18150896,81006756494311424,1,182.6416,-0.41247,0.18147
176,17292,215.83131573995652,-0.5389624213509536,0.2784952,85790051899801600,1,215.83132999999998,-0.53893,0.27854
177,17477,219.21216320463463,-0.7002773502824661,0.21512768,86353122183610368,1,219.21217000000001,-0.70028,0.21511
178,17689,221.1958723808164,1.9603829634442205,0.41534162,151375518573264896,1,221.19587,1.96039,0.41516000000000003
179,18149,180.7782270237492,1.4697151205073593,0.38821045,145464499644661760,1,180.77826000000002,1.4697200000000001,0.3883
180,18204,140.48844066760185,2.5057225338472833,0.34225821,G09_Y2_004_016,5,140.48846,2.50575,0.34204
181,18232,214.6617614871191,-1.6376657871754448,0.18768395,258337611901304832,1,214.66178,-1.6376700000000002,0.18775999999999998
182,18345,216.6316316917455,1.0875601320425874,-1.0,G15_Y1_DN1_022,5,216.63162000000003,1.08756,0.28073000000000004
183,18422,185.5794529809042,-0.565858907757459,0.45842588,2SLJ122219.07-003357.1_1,4,185.57945,-0.56587,0.4579
184,18515,218.8399428003899,-1.0274009046713204,0.25712034,86634709945155584,1,218.83992,-1.02741,0.25719000000000003
185,18939,216.2645635768353,0.023242237504190227,-1.0,G15_Y2_007_089,5,216.26453999999998,0.02324,0.38229
186,19175,177.1745875719055,1.2261933085759669,0.35156570000000004,G12_Y2_015_006,5,177.17458,1.2262,-9.999989999999999
187,19221,220.86120767174702,0.011302772572489442,0.29751644,G15_Y1_HS1_235,5,220.86117000000002,0.0113,0.29695
188,19375,139.2298862181946,1.0203636916182437,0.36013590000000006,133079336394686464,1,139.22988999999998,1.0204,0.36046999999999996
189,19613,174.29453102724068,-1.6122564580586431,0.26935086,92266920761360384,1,174.29455,-1.61229,0.26932
190,19635,218.79727611419014,-0.2933451955926175,0.22054803,86634710050013184,1,218.7973,-0.29336,0.22059
191,19758,216.9648854640548,0.4849581636334962,0.38187295,86071546002538496,1,216.96488,0.48498,0.38193
192,19823,131.03427285462493,-0.5886994883479963,-1.0,G09_Y1_BS1_121,5,131.03425,-0.5887100000000001,0.42166000000000003
193,19834,131.2043122636237,1.000617870702636,0.29485324,G09_Y2_017_036,5,131.20433,1.00061,0.29505
194,19950,135.42637314399315,1.3528384142045051,0.31361628,132234730992041984,1,135.42636000000002,1.35283,0.31346999999999997
195,20033,182.2173635342049,1.0166394604532694,-1.0,G12_Y1_FX1_143,5,182.21733,1.0166600000000001,0.30006
196,20101,223.00349407683632,1.11567456372412,0.37602177,87197673119023104,1,223.00351,1.11565,0.3761
197,20232,220.38611539125267,-0.8995235031989557,-1.0,2SLJ144132.67-005358.3_1,4,220.38612,-0.8995200000000001,0.5376
198,20646,219.6182142206052,-1.2090169364635748,0.32543340000000004,G15_Y2_005_374,5,219.61821,-1.20904,0.32495999999999997
199,20669,131.11334199282868,-0.18312002340169675,-1.0,G09_Y1_BS1_395,5,131.11328999999998,-0.18312,0.36619
200,20798,133.43054728655846,2.3992787301887346,0.19670159,159257667557130240,1,133.43053999999998,2.39927,0.19672
201,20814,176.02644033417027,-1.7902293453426206,0.2648521,G12_Y1_BS1_102,5,176.02642,-1.79024,0.26537
202,20910,185.0078879423081,-1.1897928951250143,0.3271875,81288132003102720,1,185.00789,-1.18976,0.32723
203,21041,212.00879854731025,1.593889295416271,0.30950302,149967996566110208,1,212.00882000000001,1.5938700000000001,0.30955
204,21066,182.82916378464162,0.6267366657757056,0.36340633,G12_Y1_GN1_323,5,182.82913,0.62674,0.36407
205,21087,217.05706881808132,-1.4888542565659952,-1.0,G15_Y2_003_192,5,217.05707999999998,-1.48886,0.41368
206,21170,132.64996352662303,-0.5704823572216082,0.29543126,G09_Y1_CS2_084,5,132.65,-0.57048,0.29517
207,21302,219.93843850724483,-0.12523450328383026,0.30252507,86634709416673280,1,219.93841,-0.12525999999999998,0.3026
208,21537,178.57003344163658,-0.12288902457671212,0.24905993,G12_Y1_ND3_185,5,178.57,-0.12289000000000001,0.24934
209,21550,177.08714740797905,-1.6000966367318623,0.33354655,92828848348987392,1,177.08713,-1.6001,0.3335
210,21568,131.33400575652436,-0.915653786642494,-1.0,G09_Y1_BS2_058,5,131.334,-0.91565,0.40262
211,21908,181.9729583390142,-1.915383466729276,0.32325253,93674608586129408,1,181.97292,-1.91536,0.32319000000000003
212,22013,177.47804000071974,0.2420286530750396,0.44784167,80160781454278656,1,177.47805,0.24209,0.44793999999999995
213,22054,135.76489352063058,0.6006274018899905,0.29927600000000004,132516274239438848,1,135.7649,0.60063,0.29925999999999997
214,22108,179.9572741041433,1.0794390317178508,0.20041995,80442261459959808,1,179.95726000000002,1.07946,0.20046
215,22120,136.0376098029865,-0.3463914388239396,0.29944885,G09_Y1_FS2_161,5,136.03758,-0.34642,0.29972
216,22161,215.1510150943353,0.8831243574498355,0.33026484,85790054068256768,1,215.15097999999998,0.8831399999999999,0.33054
217,22567,137.78520106966016,-0.731014831012167,0.3203969,G09_Y1_GS1_087,5,137.78517,-0.73101,0.32033
218,23166,139.82616869809777,0.7445042165393508,0.42552349999999994,133079336663121920,1,139.82617,0.74448,0.42568999999999996
219,23232,180.1294511973231,0.3241921881046862,0.24698581,80442261413822464,1,180.12945,0.32421,0.24691999999999997
220,23300,222.93770337815326,-0.8158743376466382,0.36769885,87197672808644608,1,222.93771,-0.81587,0.36761
221,23585,215.10240930357247,1.886067975797134,0.3287473,150530963955253248,1,215.10238999999999,1.8860700000000001,0.32879
222,23965,216.6390306775563,-0.10899367227470744,0.28290844,G15_Y1_DS1_380,5,216.63907999999998,-0.109,0.28274
223,23984,212.99496104178638,-0.9060555660980404,0.35227153,85508603934408704,1,212.99495,-0.90607,0.35229
224,24049,185.76966356418282,-1.3958089662684916,0.31815162,93955852402163712,1,185.76966000000002,-1.39585,0.31806999999999996
225,24124,185.2811696392477,0.2452520612006925,0.40609878,81569565120659456,1,185.28118999999998,0.24525,0.40625
226,24214,130.367011820255,1.810803279681491,0.38155398,G09_Y2_017_254,5,130.36700000000002,1.8108,0.38083
227,24553,183.64344518942985,0.79107928126288,0.25102866,81006757802934272,1,183.64346,0.7910699999999999,0.25103000000000003
228,24896,219.5890029612385,0.8855639542442566,0.27988997,86634710628827136,1,219.58900000000003,0.8855700000000001,0.27987
229,24930,215.2999358134187,-1.645552068107324,0.27855749999999996,258337612262014976,1,215.29995,-1.64555,0.27853
230,25263,183.31583406165242,-0.24745734222530366,0.28839508,81006756129406976,1,183.31586000000001,-0.24747,0.2884
231,25336,215.6523545999913,0.34944522861222643,0.5173449000000001,G15_Y2_007_138,5,215.65229,0.34944000000000003,0.04231
232,25533,217.09733567654945,-1.8083330868547516,0.28031695,G15_Y2_021_130,5,217.09732999999997,-1.80833,0.28036
233,25561,216.77754099424232,0.7207810268132558,0.29512417,86353123592896512,1,216.7775,0.7207899999999999,0.29525
234,25761,132.54287340439603,0.9427399126734372,-1.0,G09_Y1_CN2_045,5,132.54287,0.94273,0.29325999999999997
235,26028,175.15940317003293,1.7593418930093665,-1.0,G12_Y1_AX2_352,5,175.15941999999998,1.7593400000000001,0.3842
236,26154,222.60059283998834,1.0656042035966595,0.42180017,G15_Y1_IN2_170,5,222.60057999999998,1.06559,0.4215
237,26215,176.17396248070304,0.7376545382918742,0.329683,79880582875578368,1,176.17394,0.73769,0.32971
238,26324,220.0842833583809,-1.7360633377163517,-1.0,G15_Y2_023_165,5,220.08428999999998,-1.73606,0.38789
239,26330,138.4628422053468,-0.9889561626822192,-1.0,G09_Y1_HS1_140,5,138.46278999999998,-0.98895,0.2812
240,26566,129.9090078416144,1.7743596783560134,0.38862702,G09_Y1_AN2_336,5,129.909,1.77436,0.38764
241,26777,219.0874512605972,1.3666041130135609,0.32836387,151094029822459904,1,219.08744,1.36661,0.32843
242,27228,140.9498431170041,-0.8855459164838654,0.35810646,133642478128463872,1,140.94988999999998,-0.88554,0.35811
243,27542,180.45542791487134,-0.5094307004173407,0.32820377,80725178463551488,1,180.45543,-0.50945,0.32832
244,27590,213.09930747968403,0.6397103851797612,0.26172385,85508604257370112,1,213.0993,0.63969,0.26175
245,27773,218.02360803446288,1.1150767153285381,0.33563808,86353124016521216,1,218.02361000000002,1.1151,0.33597
246,27991,184.16820624813263,1.7016243200522476,0.24185409,146028587823136768,1,184.1682,1.70164,0.24191
247,28024,137.64011189316216,0.8503350079596242,0.3664318,132797725946150912,1,137.64006,0.85034,0.36673
248,28056,221.54328497660583,0.046518099253295635,0.34402007,86916181381873664,1,221.54331000000002,0.0465,0.34392
249,28082,174.68315250647572,-1.9078156277235032,0.3472354,92266920853635072,1,174.68313999999998,-1.90785,0.3472
250,28129,215.24446645556827,0.22879658384289026,0.2771194,85790053883707392,1,215.2445,0.22878,0.27726999999999996
251,28200,140.4077575249994,-0.9823130739701328,-1.0,G09_Y1_IS1_094,5,140.40775,-0.9823200000000001,0.32176
252,28725,179.59021114269294,-0.028476613249814514,0.25845858,80442261074083840,1,179.59018999999998,-0.028460000000000003,0.25849
253,28868,220.5486534576489,-0.1725489108314085,0.34643927,86634709081128960,1,220.54856,-0.17255,0.34654
254,28904,140.3941829014035,1.973241573461248,0.28361994,133360699664498688,1,140.39418999999998,1.97324,0.28371999999999997
255,29207,221.1744829166154,1.2647223112524753,0.32367253,151375517541466112,1,221.1745,1.26474,0.32381
256,29265,137.54810212525325,1.651042679061381,0.28419903,132797726411718656,1,137.54813000000001,1.65105,0.28411
257,29608,175.36696201172245,-0.2917488600183437,0.35013404,79880581747310592,1,175.36697,-0.29177,0.3502
258,30391,135.85653142906844,1.2041197781198505,0.31119004,G09_Y1_FN1_197,5,135.8565,1.20413,0.31182
259,32367,179.52517783949054,-1.7195095011771218,0.27347222,93111672314527744,1,179.52518999999998,-1.7195200000000002,0.27343
260,32413,130.7094995480539,1.8606876776808936,0.45181504,158976188319006720,1,130.7095,1.8606900000000002,0.45198999999999995
261,32462,220.22004157183915,1.3136115223826068,-1.0,G15_Y1_GN1_376,5,220.22003999999998,1.31361,0.28007
262,32816,223.49528197012611,-0.25320992376054297,-1.0,G15_Y1_IS1_394,5,223.49525,-0.25322,0.22993000000000002
263,32999,134.304431486542,1.560654260667529,0.31948805,131953252009771008,1,134.30444,1.56066,0.31943
264,33039,218.84066627594902,1.0889417245374668,0.4897433,150812446548819968,1,218.84069,1.08893,0.49057
265,33254,214.46598034294843,1.3058644759170153,0.44744363,150530964232077312,1,214.46599999999998,1.30589,0.44743999999999995
266,33439,185.4567993753574,-1.6176363875126645,-1.0,G12_Y1_IS1_061,5,185.45678999999998,-1.61764,0.25774
267,33893,131.50324308072436,-0.8956401076341968,-1.0,G09_Y1_BS2_046,5,131.50325,-0.89564,0.28043
268,33964,222.15772253020282,-1.904401367722196,0.38022193,G15_Y3_024_139,5,222.15775,-1.9044,-9.999989999999999
269,34059,221.06809470193912,-0.9999831895444824,-1.0,G15_Y2_008_276,5,221.06807999999998,-1.00001,0.37416
270,34389,137.013794285373,2.0122498939300706,0.46825212,132797727976194048,1,137.01383,2.0122400000000003,0.46835
271,34480,174.39035758633324,0.1718308557306656,0.34761718,79597694871404544,1,174.39036000000002,0.17184000000000002,0.34754
272,35065,139.11789490794322,1.1279435584325503,0.35779992,G09_Y1_HN1_019,5,139.11783,1.12796,0.35851
273,35356,132.0423310023906,1.6472493913383437,0.35071322,131671729645813760,1,132.04232,1.64725,0.35059
274,35360,219.22302261441132,-0.24956229474262356,0.33643812,86634709722857472,1,219.22302000000002,-0.24957,0.3364
275,35392,182.84163391919915,1.9507043044883337,0.38405678,146028588720717824,1,182.84161,1.9507,0.3843
276,35753,217.1890404307661,1.1648754134617816,0.31930208,86071546665238528,1,217.18905,1.16488,0.31938
277,36194,219.03735974475856,-1.3294618694383633,-1.0,G15_Y3_009_077,5,219.03737,-1.32946,7e-05
278,36222,139.04579910692152,2.670229309539081,0.42039767,159820732992323584,1,139.04582,2.67023,0.42045
279,36653,184.30649916986457,-0.384628248896005,0.37117812,81288132598693888,1,184.3065,-0.38459,0.37116
280,36801,138.808168766899,2.7104501788295554,0.3093509,159820733269147648,1,138.80817,2.71045,0.30945
281,37145,129.7477808468161,2.483205893163066,0.3586098,G09_Y1_AX1_084,5,129.74778999999998,2.4832099999999997,0.35908
282,37756,221.8828110612245,1.5719986246573552,-1.0,G15_Y1_HN1_355,5,221.88279,1.57199,0.35923
283,37916,219.17088407687152,0.7036429495842376,0.38235027,86634710305865728,1,219.17091000000002,0.70365,0.38234
284,38260,129.75631098102116,-0.01948037039804381,-1.0,G09_Y1_AS2_003,5,129.75625,-0.019469999999999998,0.27
285,38901,181.82263791164277,0.09210622736264798,0.3963328,G12_Y1_FN1_020,5,181.82258000000002,0.09211,0.39621999999999996
286,39053,130.4902751967578,1.3935552619387228,0.41184977,131671728672735232,1,130.49027,1.3935600000000001,0.41201000000000004
287,39114,130.46424445125285,1.7867478646131791,0.38677654,G09_Y1_BN2_258,5,130.46421,1.7867400000000002,0.38726
288,39925,182.01721936821303,-1.4984921503444917,-1.0,G12_Y1_GS1_178,5,182.01717,-1.4984899999999999,0.31525
289,40753,185.34642757399143,1.8040324234582203,0.40940985,146310067677822976,1,185.34642,1.80404,0.40948
290,40962,129.46181768999904,1.7097375242539403,0.36082709999999996,G09_Y1_AN2_278,5,129.46178999999998,1.70974,0.36122
291,42119,223.1707492023661,-0.5712528481218904,0.31514463,87197672712175616,1,223.17075,-0.57126,0.31499
292,42203,216.03650299359074,1.9073735894165849,0.389236,150530963460325376,1,216.0365,1.9074099999999998,0.38936
293,43075,138.5972410641427,2.795760428812673,0.42500815,159820733302702080,1,138.59722,2.7957799999999997,0.42512
294,45239,222.30330240080738,0.9663988138711486,0.42330337,86916181843247104,1,222.30329,0.9663700000000001,0.42335
295,47001,217.203293435004,-0.4057724728042547,0.27918273,86071544412897280,1,217.20327999999998,-0.40576999999999996,0.27918000000000004
296,48465,223.22543327316052,-1.4289697594558015,0.31445655,259463425770389504,1,223.22544,-1.42897,0.3144
297,49318,131.4992413328187,1.4422673326230075,-1.0,G09_Y1_BN1_375,5,131.49925,1.44226,0.35131
298,50157,179.3433576045586,-1.1514973218957238,0.42731574,80442260277166080,1,179.34339,-1.15149,0.42723
299,51064,133.28593806684538,-0.4885280166787046,0.33215192,G09_Y1_DS1_151,5,133.28592,-0.48851999999999995,0.33251
300,52050,134.0942540524191,0.22374456315335156,0.37486956,G09_Y1_DS1_345,5,134.09425,0.22374000000000002,0.37523
301,52729,182.48118591223042,0.8608545475465721,0.2629539,80725179868643328,1,182.48117,0.8608899999999999,0.26291
302,54327,222.28408498164657,1.990774734594356,-1.0,G15_Y2_017_257,5,222.28408,1.9907599999999999,0.37383
303,56938,181.69917265752102,-1.9809609833665582,-1.0,G12_Y1_FS2_058,5,181.69917,-1.9809599999999998,0.31042
304,75557,129.15488888791714,1.716045457636221,0.36518195,G09_Y1_AN1_243,5,129.15488,1.7160400000000002,0.36498
305,78695,217.63952296359642,1.108040343239353,0.47889209999999993,150812447123439616,1,217.63952,1.10805,0.47908
